year,fund_name,income,expense,surplus,source_file
2008,中央銀行,355770426,221501473,134268953,97c105.xls
2008,台灣糖業股份有限公司,39935207,38203666,1731541,97c105.xls
2008,台灣國際造船股份有限公司,29846512,28446907,1399605,97c105.xls
2008,台灣中油股份有限公司,822330590,817111735,5218855,97c105.xls
2008,台灣電力股份有限公司,443843939,488655276,-44811337,97c105.xls
2008,漢翔航空工業股份有限公司,13953351,13638171,315180,97c105.xls
2008,台灣自來水股份有限公司,26689348,26646566,42782,97c105.xls
2008,臺灣金融控股股份有限公司(上年度預算係臺銀、土銀及輸銀合計數),249327255,234771809,14555446,97c105.xls
2008,中央存款保險股份有限公司,4387895,4387895,0,97c105.xls
2008,財政部印刷廠,663232,610745,52487,97c105.xls
2008,臺灣菸酒股份有限公司,64457140,57857140,6600000,97c105.xls
2008,臺灣郵政股份有限公司,371767034,362213527,9553507,97c105.xls
2008,交通部臺灣鐵路管理局,24346800,35246800,-10900000,97c105.xls
2008,交通部基隆港務局,6415279,5886750,528529,97c105.xls
2008,交通部臺中港務局,4784246,3518838,1265408,97c105.xls
2008,交通部高雄港務局,10088723,7066967,3021756,97c105.xls
2008,交通部花蓮港務局,971503,855074,116429,97c105.xls
2008,榮民工程股份有限公司,15519655,15475233,44422,97c105.xls
2008,勞工保險局,231477741,231477741,0,97c105.xls
2008,中央健康保險局,426948994,426947337,1657,97c105.xls
2008,行政院國家發展基金,12631231,835082,11796149,97c105.xls
2008,營建建設基金,16101737,13670706,2431031,97c105.xls
2008,國民年金保險基金,46816013,46816013,0,97c105.xls
2008,國軍生產及服務作業基金,49684785,48692722,992063,97c105.xls
2008,國軍老舊眷村改建基金,12737330,15808967,-3071637,97c105.xls
2008,地方建設基金,448112,10708,437404,97c105.xls
2008,國立大學校院校務基金(54所學校綜計),60532394,60489031,43363,97c105.xls
2008,國立臺灣大學附設醫院作業基金,18277406,17290600,986806,97c105.xls
2008,國立成功大學附設醫院作業基金,6462416,6387287,75129,97c105.xls
2008,國立陽明大學附設醫院作業基金,1260544,1253730,6814,97c105.xls
2008,國立社教機構作業基金,1822247,1536460,285787,97c105.xls
2008,國立高級中等學校校務基金,7417495,7406675,10820,97c105.xls
2008,法務部監所作業基金,606278,556650,49628,97c105.xls
2008,經濟作業基金,7418706,7580719,-162013,97c105.xls
2008,水資源作業基金,4763901,4596376,167525,97c105.xls
2008,交通作業基金,60432844,37844497,22588347,97c105.xls
2008,國軍退除役官兵安置基金,3902900,4111029,-208129,97c105.xls
2008,榮民醫療作業基金,37855278,37432939,422339,97c105.xls
2008,科學工業園區管理局作業基金,10733793,8367043,2366750,97c105.xls
2008,農業作業基金,191255,175289,15966,97c105.xls
2008,醫療藥品基金,25242731,24636013,606718,97c105.xls
2008,管制藥品管理局製藥工廠作業基金,445566,314125,131441,97c105.xls
2008,故宮文物藝術發展基金,158058,114149,43909,97c105.xls
2008,原住民族綜合發展基金,1017909,1016149,1760,97c105.xls
2008,中央政府債務基金,635243011,635236899,6112,97c105.xls
2008,行政院國家科學技術發展基金,28847999,30289193,-1441194,97c105.xls
2008,離島建設基金,3279433,1521869,1757564,97c105.xls
2008,行政院公營事業民營化基金,16169524,12990979,3178545,97c105.xls
2008,社會福利基金,2434892,2746963,-312071,97c105.xls
2008,外籍配偶照顧輔導基金,302632,291229,11403,97c105.xls
2008,研發替代役基金,280870,263153,17717,97c105.xls
2008,警察消防海巡空勤人員及協勤民力安全基金,202628,36162,166466,97c105.xls
2008,學產基金,697830,691140,6690,97c105.xls
2008,核能發電後端營運基金,11082266,1112186,9970080,97c105.xls
2008,航港建設基金,6608993,10092815,-3483822,97c105.xls
2008,核子事故緊急應變基金,72725,41836,30889,97c105.xls
2008,就業安定基金,11175685,11340381,-164696,97c105.xls
2008,健康照護基金,1674032,2657437,-983405,97c105.xls
2008,環境保護基金,4348215,4329082,19133,97c105.xls
2008,中華發展基金,37293,73396,-36103,97c105.xls
2008,有線廣播電視事業發展基金,326199,312573,13626,97c105.xls
2008,金融監督管理基金,928055,928043,12,97c105.xls
2008,行政院金融重建基金,50542173,50414721,127452,97c105.xls
2008,通訊傳播監督管理基金,500042,497350,2692,97c105.xls
2008,國軍老舊營舍改建基金,1440751,5435306,-3994555,97c105.xls
2009,中央銀行,340055234,216906096,123149138,04278131171.xls
2009,台灣糖業股份有限公司,39169396,35912788,3256608,04278131171.xls
2009,台灣中油股份有限公司,724677979,718065996,6611983,04278131171.xls
2009,台灣電力股份有限公司,492751850,531004351,-38252501,04278131171.xls
2009,漢翔航空工業股份有限公司,16247697,15817528,430169,04278131171.xls
2009,台灣自來水股份有限公司,26392578,26295461,97117,04278131171.xls
2009,中國輸出入銀行,3376069,2930878,445191,04278131171.xls
2009,中央存款保險股份有限公司,4615759,4615759,0,04278131171.xls
2009,臺灣金融控股股份有限公司,194633566,188804312,5829254,04278131171.xls
2009,臺灣土地銀行股份有限公司,63229123,57426824,5802299,04278131171.xls
2009,財政部印刷廠,878852,822508,56344,04278131171.xls
2009,臺灣菸酒股份有限公司,65082268,58530870,6551398,04278131171.xls
2009,中華郵政股份有限公司,300755166,290686548,10068618,04278131171.xls
2009,交通部臺灣鐵路管理局,24735606,35300206,-10564600,04278131171.xls
2009,交通部基隆港務局,5852563,5317209,535354,04278131171.xls
2009,交通部臺中港務局,5071310,3609291,1462019,04278131171.xls
2009,交通部高雄港務局,9244167,6079805,3164362,04278131171.xls
2009,交通部花蓮港務局,962194,836777,125417,04278131171.xls
2009,榮民工程股份有限公司,12252002,12226635,25367,04278131171.xls
2009,勞工保險局,254211541,254211541,0,04278131171.xls
2009,中央健康保險局,441155270,473184586,-32029316,04278131171.xls
2009,行政院國家發展基金,7227285,882371,6344914,04278131171.xls
2009,營建建設基金,12648922,11546128,1102794,04278131171.xls
2009,國民年金保險基金,67566572,67566572,0,04278131171.xls
2009,中央都市更新基金,619,4456,-3837,04278131171.xls
2009,國軍生產及服務作業基金,46743167,45706826,1036341,04278131171.xls
2009,國軍老舊眷村改建基金,14135494,19151670,-5016176,04278131171.xls
2009,地方建設基金,518069,11297,506772,04278131171.xls
2009,國立大學校院校務基金(52所學校綜計),67071365,67007549,63816,04278131171.xls
2009,國立臺灣大學附設醫院作業基金,19150453,18001203,1149250,04278131171.xls
2009,國立成功大學附設醫院作業基金,6610369,6522895,87474,04278131171.xls
2009,國立陽明大學附設醫院作業基金,1307625,1286379,21246,04278131171.xls
2009,國立社教機構作業基金,1606546,1591971,14575,04278131171.xls
2009,國立高級中等學校校務基金,17535138,17520634,14504,04278131171.xls
2009,法務部監所作業基金,663155,619698,43457,04278131171.xls
2009,經濟作業基金,6787444,8356491,-1569047,04278131171.xls
2009,水資源作業基金,5474500,5075988,398512,04278131171.xls
2009,交通作業基金,54828366,36550940,18277426,04278131171.xls
2009,國軍退除役官兵安置基金,4082002,4248019,-166017,04278131171.xls
2009,榮民醫療作業基金,39773948,39386943,387005,04278131171.xls
2009,科學工業園區管理局作業基金,11398161,8989616,2408545,04278131171.xls
2009,農業作業基金,254775,233951,20824,04278131171.xls
2009,醫療藥品基金,26754026,26015079,738947,04278131171.xls
2009,管制藥品管理局製藥工廠作業基金,475934,341701,134233,04278131171.xls
2009,故宮文物藝術發展基金,205604,142768,62836,04278131171.xls
2009,原住民族綜合發展基金,823736,780936,42800,04278131171.xls
2009,中央政府債務基金,672513390,672504550,8840,04278131171.xls
2009,行政院國家科學技術發展基金,29651829,31424038,-1772209,04278131171.xls
2009,離島建設基金,3323683,1519977,1803706,04278131171.xls
2009,行政院公營事業民營化基金,1443316,11462521,-10019205,04278131171.xls
2009,社會福利基金,2110162,2420162,-310000,04278131171.xls
2009,外籍配偶照顧輔導基金,303638,286112,17526,04278131171.xls
2009,研發替代役基金,915077,745435,169642,04278131171.xls
2009,警察消防海巡空勤人員及協勤民力安全基金,105742,35699,70043,04278131171.xls
2009,學產基金,575506,554107,21399,04278131171.xls
2009,核能發電後端營運基金,12708172,1719366,10988806,04278131171.xls
2009,地方產業發展基金,1002250,974961,27289,04278131171.xls
2009,航港建設基金,6530895,11744598,-5213703,04278131171.xls
2009,核子事故緊急應變基金,73950,62880,11070,04278131171.xls
2009,就業安定基金,10792271,10825137,-32866,04278131171.xls
2009,健康照護基金,2095562,2967623,-872061,04278131171.xls
2009,環境保護基金,4627876,5221075,-593199,04278131171.xls
2009,中華發展基金,47700,73706,-26006,04278131171.xls
2009,有線廣播電視事業發展基金,353680,314713,38967,04278131171.xls
2009,金融監督管理基金,978773,978747,26,04278131171.xls
2009,行政院金融重建基金,32559144,18564357,13994787,04278131171.xls
2009,通訊傳播監督管理基金,641192,617714,23478,04278131171.xls
2009,國軍老舊營舍改建基金,6834234,4812020,2022214,04278131171.xls
2010,中央銀行,279968666,156838327,123130339,083010165171.xls
2010,台灣糖業股份有限公司,40032968,36368944,3664024,083010165171.xls
2010,台灣中油股份有限公司,896087471,883649288,12438183,083010165171.xls
2010,台灣電力股份有限公司,505852657,532681986,-26829329,083010165171.xls
2010,漢翔航空工業股份有限公司,18121096,17500000,621096,083010165171.xls
2010,台灣自來水股份有限公司,26282990,26481409,-198419,083010165171.xls
2010,中國輸出入銀行,2036060,1650228,385832,083010165171.xls
2010,中央存款保險股份有限公司,10505515,10505515,0,083010165171.xls
2010,臺灣金融控股股份有限公司,229318600,222523153,6795447,083010165171.xls
2010,臺灣土地銀行股份有限公司,56993669,51192939,5800730,083010165171.xls
2010,財政部印刷廠,863945,779907,84038,083010165171.xls
2010,臺灣菸酒股份有限公司,65070253,57664478,7405775,083010165171.xls
2010,中華郵政股份有限公司,404514894,397092176,7422718,083010165171.xls
2010,交通部臺灣鐵路管理局,24243820,34140529,-9896709,083010165171.xls
2010,交通部基隆港務局,5388590,4908401,480189,083010165171.xls
2010,交通部臺中港務局,4870185,3550760,1319425,083010165171.xls
2010,交通部高雄港務局,9122641,6113275,3009366,083010165171.xls
2010,交通部花蓮港務局,894432,813547,80885,083010165171.xls
2010,國際機場園區股份有限公司,1851393,1409751,441642,083010165171.xls
2010,榮民工程股份有限公司,7027559,7603417,-575858,083010165171.xls
2010,勞工保險局,257080851,257080851,0,083010165171.xls
2010,行政院國家發展基金,4120427,1462995,2657432,083010165171.xls
2010,營建建設基金,11978843,12289563,-310720,083010165171.xls
2010,國民年金保險基金,66325608,66325608,0,083010165171.xls
2010,中央都市更新基金,313,2484,-2171,083010165171.xls
2010,國軍生產及服務作業基金,53561390,51206863,2354527,083010165171.xls
2010,國軍老舊眷村改建基金,13339561,21748209,-8408648,083010165171.xls
2010,地方建設基金,253208,66826,186382,083010165171.xls
2010,國有財產開發基金,25062,46223,-21161,083010165171.xls
2010,國立大學校院校務基金(53所學校綜計),95367203,97157683,-1790480,083010165171.xls
2010,國立臺灣大學附設醫院作業基金,20193699,19070368,1123331,083010165171.xls
2010,國立成功大學附設醫院作業基金,6993974,6884126,109848,083010165171.xls
2010,國立陽明大學附設醫院作業基金,1466491,1418317,48174,083010165171.xls
2010,國立社教機構作業基金,1811195,2108084,-296889,083010165171.xls
2010,國立高級中等學校校務基金,35307927,35306927,1000,083010165171.xls
2010,法務部監所作業基金,628210,697564,-69354,083010165171.xls
2010,經濟作業基金,7215628,6873286,342342,083010165171.xls
2010,水資源作業基金,7059884,6131422,928462,083010165171.xls
2010,交通作業基金,56372677,38410734,17961943,083010165171.xls
2010,國軍退除役官兵安置基金,3684453,3239709,444744,083010165171.xls
2010,榮民醫療作業基金,41606678,41043296,563382,083010165171.xls
2010,科學工業園區管理局作業基金,10353642,9104145,1249497,083010165171.xls
2010,農業作業基金,234055,216811,17244,083010165171.xls
2010,醫療藥品基金,27871057,27245781,625276,083010165171.xls
2010,管制藥品製藥工廠作業基金,484414,322628,161786,083010165171.xls
2010,全民健康保險基金,453912732,486358929,-32446197,083010165171.xls
2010,故宮文物藝術發展基金,212269,146720,65549,083010165171.xls
2010,原住民族綜合發展基金,929545,903005,26540,083010165171.xls
2010,考選業務基金,564526,563906,620,083010165171.xls
2010,中央政府債務基金,718239658,718234669,4989,083010165171.xls
2010,行政院國家科學技術發展基金,31231424,32955424,-1724000,083010165171.xls
2010,離島建設基金,1295540,1200224,95316,083010165171.xls
2010,行政院公營事業民營化基金,22800754,9635337,13165417,083010165171.xls
2010,社會福利基金,2591800,2790800,-199000,083010165171.xls
2010,外籍配偶照顧輔導基金,304530,293675,10855,083010165171.xls
2010,研發替代役基金,878776,807070,71706,083010165171.xls
2010,警察消防海巡空勤人員及協勤民力安全基金,103908,35621,68287,083010165171.xls
2010,學產基金,682063,646580,35483,083010165171.xls
2010,核能發電後端營運基金,11411385,1807856,9603529,083010165171.xls
2010,地方產業發展基金,1000893,976100,24793,083010165171.xls
2010,航港建設基金,5247380,11581978,-6334598,083010165171.xls
2010,核子事故緊急應變基金,73050,64596,8454,083010165171.xls
2010,就業安定基金,12661782,14474113,-1812331,083010165171.xls
2010,健康照護基金,8778312,9042204,-263892,083010165171.xls
2010,環境保護基金,4396091,5343505,-947414,083010165171.xls
2010,中華發展基金,32100,61186,-29086,083010165171.xls
2010,金融監督管理基金,887392,1006840,-119448,083010165171.xls
2010,行政院金融重建基金,10085393,736210,9349183,083010165171.xls
2010,通訊傳播監督管理基金,722145,674876,47269,083010165171.xls
2010,有線廣播電視事業發展基金,348102,337724,10378,083010165171.xls
2010,運動發展基金,3205125,1554913,1650212,083010165171.xls
2010,國軍老舊營舍改建基金,3469086,797502,2671584,083010165171.xls
2011,中央銀行,330942704,207794991,123147713,100c基金別預算分析表.xls
2011,台灣糖業股份有限公司,41013750,36849726,4164024,100c基金別預算分析表.xls
2011,台灣中油股份有限公司,919144478,908998954,10145524,100c基金別預算分析表.xls
2011,台灣電力股份有限公司,524872297,572459894,-47587597,100c基金別預算分析表.xls
2011,漢翔航空工業股份有限公司,19526002,18605946,920056,100c基金別預算分析表.xls
2011,台灣自來水股份有限公司,26450525,26829507,-378982,100c基金別預算分析表.xls
2011,中國輸出入銀行,2037963,1652012,385951,100c基金別預算分析表.xls
2011,臺灣金融控股股份有限公司,246611202,243057202,3554000,100c基金別預算分析表.xls
2011,臺灣土地銀行股份有限公司,56867439,49960336,6907103,100c基金別預算分析表.xls
2011,財政部印刷廠,862075,779075,83000,100c基金別預算分析表.xls
2011,臺灣菸酒股份有限公司,64826388,56937777,7888611,100c基金別預算分析表.xls
2011,中華郵政股份有限公司,428074420,420093728,7980692,100c基金別預算分析表.xls
2011,交通部臺灣鐵路管理局,22880771,32618169,-9737398,100c基金別預算分析表.xls
2011,交通部基隆港務局,5106841,4592793,514048,100c基金別預算分析表.xls
2011,交通部臺中港務局,4842547,3537291,1305256,100c基金別預算分析表.xls
2011,交通部高雄港務局,9096006,6089881,3006125,100c基金別預算分析表.xls
2011,交通部花蓮港務局,958487,869066,89421,100c基金別預算分析表.xls
2011,桃園國際機場股份有限公司,11529175,10008578,1520597,100c基金別預算分析表.xls
2011,勞工保險局,273138896,273138896,0,100c基金別預算分析表.xls
2011,中央存款保險股份有限公司,19422918,19422918,0,100c基金別預算分析表.xls
2011,行政院國家發展基金,9921171,469462,9451709,100c基金別預算分析表.xls
2011,營建建設基金,9517246,13910505,-4393259,100c基金別預算分析表.xls
2011,國民年金保險基金,62569901,62569901,0,100c基金別預算分析表.xls
2011,中央都市更新基金,718,9423,-8705,100c基金別預算分析表.xls
2011,國軍生產及服務作業基金,48579012,46017248,2561764,100c基金別預算分析表.xls
2011,國軍老舊眷村改建基金,20931272,25853694,-4922422,100c基金別預算分析表.xls
2011,地方建設基金,198178,12713,185465,100c基金別預算分析表.xls
2011,國有財產開發基金,26290,86849,-60559,100c基金別預算分析表.xls
2011,國立大學校院校務基金(53所學校綜計),97200825,102172010,-4971185,100c基金別預算分析表.xls
2011,國立臺灣大學附設醫院作業基金,22070988,20071674,1999314,100c基金別預算分析表.xls
2011,國立成功大學附設醫院作業基金,7471121,7346257,124864,100c基金別預算分析表.xls
2011,國立陽明大學附設醫院作業基金,1566970,1538643,28327,100c基金別預算分析表.xls
2011,國立社教機構作業基金,2012131,2363876,-351745,100c基金別預算分析表.xls
2011,國立高級中等學校校務基金,34819872,38087915,-3268043,100c基金別預算分析表.xls
2011,法務部監所作業基金,666028,758010,-91982,100c基金別預算分析表.xls
2011,經濟作業基金,6947176,6620966,326210,100c基金別預算分析表.xls
2011,水資源作業基金,7379511,8260407,-880896,100c基金別預算分析表.xls
2011,交通作業基金,50730539,33848517,16882022,100c基金別預算分析表.xls
2011,國軍退除役官兵安置基金,3781528,3086789,694739,100c基金別預算分析表.xls
2011,榮民醫療作業基金,43048747,42521928,526819,100c基金別預算分析表.xls
2011,科學工業園區管理局作業基金,11090140,10521551,568589,100c基金別預算分析表.xls
2011,農業作業基金,237618,209815,27803,100c基金別預算分析表.xls
2011,醫療藥品基金,28745463,28012074,733389,100c基金別預算分析表.xls
2011,管制藥品製藥工廠作業基金,474503,345154,129349,100c基金別預算分析表.xls
2011,全民健康保險基金,497420528,497288694,131834,100c基金別預算分析表.xls
2011,故宮文物藝術發展基金,355325,219915,135410,100c基金別預算分析表.xls
2011,原住民族綜合發展基金,1097270,1040663,56607,100c基金別預算分析表.xls
2011,考選業務基金,717041,714912,2129,100c基金別預算分析表.xls
2011,中央政府債務基金,773180558,773175872,4686,100c基金別預算分析表.xls
2011,行政院國家科學技術發展基金,31799895,38501534,-6701639,100c基金別預算分析表.xls
2011,離島建設基金,94680,1268950,-1174270,100c基金別預算分析表.xls
2011,行政院公營事業民營化基金,2387235,9397364,-7010129,100c基金別預算分析表.xls
2011,社會福利基金,2532389,2926377,-393988,100c基金別預算分析表.xls
2011,外籍配偶照顧輔導基金,306250,296642,9608,100c基金別預算分析表.xls
2011,研發替代役基金,881301,811507,69794,100c基金別預算分析表.xls
2011,警察消防海巡移民空勤人員及協勤民力安全基金,103986,28284,75702,100c基金別預算分析表.xls
2011,學產基金,942893,896092,46801,100c基金別預算分析表.xls
2011,核能發電後端營運基金,11032014,1625841,9406173,100c基金別預算分析表.xls
2011,地方產業發展基金,607508,915291,-307783,100c基金別預算分析表.xls
2011,航港建設基金,4889154,9548901,-4659747,100c基金別預算分析表.xls
2011,核子事故緊急應變基金,96756,68711,28045,100c基金別預算分析表.xls
2011,就業安定基金,12563031,16221926,-3658895,100c基金別預算分析表.xls
2011,健康照護基金,8369350,8675793,-306443,100c基金別預算分析表.xls
2011,環境保護基金,5340678,5271812,68866,100c基金別預算分析表.xls
2011,中華發展基金,28910,60218,-31308,100c基金別預算分析表.xls
2011,金融監督管理基金,7980527,7971907,8620,100c基金別預算分析表.xls
2011,行政院金融重建基金,3295165,2359486,935679,100c基金別預算分析表.xls
2011,通訊傳播監督管理基金,971201,940026,31175,100c基金別預算分析表.xls
2011,有線廣播電視事業發展基金,350620,335816,14804,100c基金別預算分析表.xls
2011,運動發展基金,3626224,1835996,1790228,100c基金別預算分析表.xls
2011,國軍老舊營舍改建基金,3237478,5329135,-2091657,100c基金別預算分析表.xls
2012,中央銀行,345114367,221943093,123171274,101c基金別預算分析表.xls
2012,台灣糖業股份有限公司,38803494,35557726,3245768,101c基金別預算分析表.xls
2012,台灣中油股份有限公司,994646217,983716532,10929685,101c基金別預算分析表.xls
2012,台灣電力股份有限公司,559254657,619505679,-60251022,101c基金別預算分析表.xls
2012,漢翔航空工業股份有限公司,20420174,19473966,946208,101c基金別預算分析表.xls
2012,台灣自來水股份有限公司,26865149,27433147,-567998,101c基金別預算分析表.xls
2012,中國輸出入銀行,1701546,1383510,318036,101c基金別預算分析表.xls
2012,臺灣金融控股股份有限公司,254984746,248003819,6980927,101c基金別預算分析表.xls
2012,臺灣土地銀行股份有限公司,49508782,42505317,7003465,101c基金別預算分析表.xls
2012,財政部印刷廠,965560,882560,83000,101c基金別預算分析表.xls
2012,臺灣菸酒股份有限公司,79609180,71743552,7865628,101c基金別預算分析表.xls
2012,中華郵政股份有限公司,484718227,475911658,8806569,101c基金別預算分析表.xls
2012,交通部臺灣鐵路管理局,23787022,33491335,-9704313,101c基金別預算分析表.xls
2012,臺灣港務股份有限公司,15630491,11640692,3989799,101c基金別預算分析表.xls
2012,交通部基隆港務局,1053657,1203673,-150016,101c基金別預算分析表.xls
2012,交通部臺中港務局,912624,941958,-29334,101c基金別預算分析表.xls
2012,交通部高雄港務局,1972831,1291238,681593,101c基金別預算分析表.xls
2012,交通部花蓮港務局,163581,259397,-95816,101c基金別預算分析表.xls
2012,桃園國際機場股份有限公司,12478993,10809566,1669427,101c基金別預算分析表.xls
2012,勞工保險局,300315761,300315761,0,101c基金別預算分析表.xls
2012,中央存款保險股份有限公司,23540227,23540227,0,101c基金別預算分析表.xls
2012,行政院國家發展基金,6558191,587299,5970892,101c基金別預算分析表.xls
2012,營建建設基金,2092182,11010408,-8918226,101c基金別預算分析表.xls
2012,國民年金保險基金,61827148,61827148,0,101c基金別預算分析表.xls
2012,中央都市更新基金,14932718,11564323,3368395,101c基金別預算分析表.xls
2012,國軍生產及服務作業基金,49204350,47049382,2154968,101c基金別預算分析表.xls
2012,國軍老舊眷村改建基金,13212469,18070076,-4857607,101c基金別預算分析表.xls
2012,地方建設基金,176087,17005,159082,101c基金別預算分析表.xls
2012,國有財產開發基金,76355,37594,38761,101c基金別預算分析表.xls
2012,國立大學校院校務基金(53所學校綜計),106637978,111774871,-5136893,101c基金別預算分析表.xls
2012,國立臺灣大學附設醫院作業基金,26005357,24121933,1883424,101c基金別預算分析表.xls
2012,國立成功大學附設醫院作業基金,8114406,8008205,106201,101c基金別預算分析表.xls
2012,國立陽明大學附設醫院作業基金,1756578,1718466,38112,101c基金別預算分析表.xls
2012,國立社教機構作業基金,2374878,2629592,-254714,101c基金別預算分析表.xls
2012,國立高級中等學校校務基金,36547522,40031812,-3484290,101c基金別預算分析表.xls
2012,法務部矯正機關作業基金,758467,876001,-117534,101c基金別預算分析表.xls
2012,經濟作業基金,6953493,6361769,591724,101c基金別預算分析表.xls
2012,水資源作業基金,6655129,6480511,174618,101c基金別預算分析表.xls
2012,交通作業基金,53820421,34395997,19424424,101c基金別預算分析表.xls
2012,國軍退除役官兵安置基金,2211472,1243088,968384,101c基金別預算分析表.xls
2012,榮民醫療作業基金,44143241,43641622,501619,101c基金別預算分析表.xls
2012,科學工業園區管理局作業基金,12071473,11152878,918595,101c基金別預算分析表.xls
2012,農業作業基金,231742,206518,25224,101c基金別預算分析表.xls
2012,醫療藥品基金,26212949,25585023,627926,101c基金別預算分析表.xls
2012,管制藥品製藥工廠作業基金,472622,343297,129325,101c基金別預算分析表.xls
2012,全民健康保險基金,522484454,510814304,11670150,101c基金別預算分析表.xls
2012,故宮文物藝術發展基金,357104,233444,123660,101c基金別預算分析表.xls
2012,原住民族綜合發展基金,821559,745286,76273,101c基金別預算分析表.xls
2012,考選業務基金,721682,716585,5097,101c基金別預算分析表.xls
2012,中央政府債務基金,848609618,848604889,4729,101c基金別預算分析表.xls
2012,行政院國家科學技術發展基金,34641061,35491061,-850000,101c基金別預算分析表.xls
2012,離島建設基金,85608,1101502,-1015894,101c基金別預算分析表.xls
2012,行政院公營事業民營化基金,3922663,9174272,-5251609,101c基金別預算分析表.xls
2012,花東地區永續發展基金,4000375,507362,3493013,101c基金別預算分析表.xls
2012,社會福利基金,2628702,3024806,-396104,101c基金別預算分析表.xls
2012,外籍配偶照顧輔導基金,305338,265840,39498,101c基金別預算分析表.xls
2012,研發替代役基金,1012658,911607,101051,101c基金別預算分析表.xls
2012,警察消防海巡移民空勤人員及協勤民力安全基金,103738,24790,78948,101c基金別預算分析表.xls
2012,學產基金,918098,1258620,-340522,101c基金別預算分析表.xls
2012,核能發電後端營運基金,10703650,1423746,9279904,101c基金別預算分析表.xls
2012,地方產業發展基金,165495,635343,-469848,101c基金別預算分析表.xls
2012,航港建設基金,5101068,14471940,-9370872,101c基金別預算分析表.xls
2012,核子事故緊急應變基金,96796,79616,17180,101c基金別預算分析表.xls
2012,就業安定基金,12310442,16265789,-3955347,101c基金別預算分析表.xls
2012,健康照護基金,8659826,9776983,-1117157,101c基金別預算分析表.xls
2012,環境保護基金,6276485,5972545,303940,101c基金別預算分析表.xls
2012,中華發展基金,44190,57012,-12822,101c基金別預算分析表.xls
2012,金融監督管理基金,8377058,8577913,-200855,101c基金別預算分析表.xls
2012,通訊傳播監督管理基金,814472,733893,80579,101c基金別預算分析表.xls
2012,有線廣播電視事業發展基金,362358,336788,25570,101c基金別預算分析表.xls
2012,運動發展基金,4217172,1637790,2579382,101c基金別預算分析表.xls
2012,國軍營舍及設施改建基金,8440044,5473797,2966247,101c基金別預算分析表.xls
2013,中央銀行,330523865,207348865,123175000,102c基金別預算分析表.xls
2013,台灣糖業股份有限公司,41696459,39192856,2503603,102c基金別預算分析表.xls
2013,台灣中油股份有限公司,1223480926,1205902848,17578078,102c基金別預算分析表.xls
2013,台灣電力股份有限公司,668860881,691883089,-23022208,102c基金別預算分析表.xls
2013,漢翔航空工業股份有限公司,21065252,19980478,1084774,102c基金別預算分析表.xls
2013,台灣自來水股份有限公司,26991549,27685278,-693729,102c基金別預算分析表.xls
2013,中國輸出入銀行,1743622,1427483,316139,102c基金別預算分析表.xls
2013,臺灣金融控股股份有限公司,283150636,275968824,7181812,102c基金別預算分析表.xls
2013,臺灣土地銀行股份有限公司,46842991,39729857,7113134,102c基金別預算分析表.xls
2013,財政部印刷廠,1012598,935408,77190,102c基金別預算分析表.xls
2013,臺灣菸酒股份有限公司,78483235,70549132,7934103,102c基金別預算分析表.xls
2013,中華郵政股份有限公司,294328569,285387138,8941431,102c基金別預算分析表.xls
2013,交通部臺灣鐵路管理局,22633907,29006909,-6373002,102c基金別預算分析表.xls
2013,臺灣港務股份有限公司,18899487,13860592,5038895,102c基金別預算分析表.xls
2013,桃園國際機場股份有限公司,12989855,10645151,2344704,102c基金別預算分析表.xls
2013,勞工保險局,332221927,332221927,0,102c基金別預算分析表.xls
2013,中央存款保險股份有限公司,24177679,24177679,0,102c基金別預算分析表.xls
2013,行政院國家發展基金,6772655,549865,6222790,102c基金別預算分析表.xls
2013,營建建設基金,5796569,12262603,-6466034,102c基金別預算分析表.xls
2013,國民年金保險基金,71298239,71298239,0,102c基金別預算分析表.xls
2013,中央都市更新基金,1700,587646,-585946,102c基金別預算分析表.xls
2013,國軍生產及服務作業基金,47455271,45799788,1655483,102c基金別預算分析表.xls
2013,國軍老舊眷村改建基金,15547737,23705694,-8157957,102c基金別預算分析表.xls
2013,地方建設基金,186508,16709,169799,102c基金別預算分析表.xls
2013,國有財產開發基金,77168,38307,38861,102c基金別預算分析表.xls
2013,國立大學校院校務基金(52所學校綜計),107965487,113764637,-5799150,102c基金別預算分析表.xls
2013,國立臺灣大學附設醫院作業基金,27256010,25079817,2176193,102c基金別預算分析表.xls
2013,國立成功大學附設醫院作業基金,8507286,8399318,107968,102c基金別預算分析表.xls
2013,國立陽明大學附設醫院作業基金,1800071,1753374,46697,102c基金別預算分析表.xls
2013,國立社教機構作業基金,1574434,2026521,-452087,102c基金別預算分析表.xls
2013,國立高級中等學校校務基金,33266627,37218351,-3951724,102c基金別預算分析表.xls
2013,法務部矯正機關作業基金,844138,951457,-107319,102c基金別預算分析表.xls
2013,經濟作業基金,8000236,7610197,390039,102c基金別預算分析表.xls
2013,水資源作業基金,5965610,6720558,-754948,102c基金別預算分析表.xls
2013,交通作業基金,55075951,38493094,16582857,102c基金別預算分析表.xls
2013,國軍退除役官兵安置基金,2114772,1189036,925736,102c基金別預算分析表.xls
2013,榮民醫療作業基金,45284594,45027921,256673,102c基金別預算分析表.xls
2013,科學工業園區管理局作業基金,13042681,11616946,1425735,102c基金別預算分析表.xls
2013,農業作業基金,230121,204897,25224,102c基金別預算分析表.xls
2013,醫療藥品基金,27030406,26405482,624924,102c基金別預算分析表.xls
2013,管制藥品製藥工廠作業基金,508618,356045,152573,102c基金別預算分析表.xls
2013,全民健康保險基金,537524597,536876207,648390,102c基金別預算分析表.xls
2013,國立文化機構作業基金,660850,657002,3848,102c基金別預算分析表.xls
2013,故宮文物藝術發展基金,537768,372926,164842,102c基金別預算分析表.xls
2013,原住民族綜合發展基金,732690,714125,18565,102c基金別預算分析表.xls
2013,考選業務基金,799546,788945,10601,102c基金別預算分析表.xls
2013,中央政府債務基金,886755920,886749471,6449,102c基金別預算分析表.xls
2013,行政院國家科學技術發展基金,35971570,36871570,-900000,102c基金別預算分析表.xls
2013,離島建設基金,78912,1100932,-1022020,102c基金別預算分析表.xls
2013,行政院公營事業民營化基金,241865,9684362,-9442497,102c基金別預算分析表.xls
2013,花東地區永續發展基金,2500850,2506927,-6077,102c基金別預算分析表.xls
2013,社會福利基金,2574825,2976607,-401782,102c基金別預算分析表.xls
2013,外籍配偶照顧輔導基金,275700,407675,-131975,102c基金別預算分析表.xls
2013,研發替代役基金,1202744,1077476,125268,102c基金別預算分析表.xls
2013,警察消防海巡移民空勤人員及協勤民力安全基金,103933,21208,82725,102c基金別預算分析表.xls
2013,學產基金,895153,1319561,-424408,102c基金別預算分析表.xls
2013,運動發展基金,4520296,2187305,2332991,102c基金別預算分析表.xls
2013,核能發電後端營運基金,10903478,1049749,9853729,102c基金別預算分析表.xls
2013,地方產業發展基金,152125,594210,-442085,102c基金別預算分析表.xls
2013,航港建設基金,8642650,7450201,1192449,102c基金別預算分析表.xls
2013,核子事故緊急應變基金,163086,122190,40896,102c基金別預算分析表.xls
2013,就業安定基金,12843891,16329966,-3486075,102c基金別預算分析表.xls
2013,健康照護基金,8311894,11344510,-3032616,102c基金別預算分析表.xls
2013,環境保護基金,6521701,6724860,-203159,102c基金別預算分析表.xls
2013,中華發展基金,24219,54318,-30099,102c基金別預算分析表.xls
2013,金融監督管理基金,8611067,8387563,223504,102c基金別預算分析表.xls
2013,通訊傳播監督管理基金,575221,541045,34176,102c基金別預算分析表.xls
2013,有線廣播電視事業發展基金,366575,351508,15067,102c基金別預算分析表.xls
2013,國軍營舍及設施改建基金,5983101,6642919,-659818,102c基金別預算分析表.xls
2014,中央銀行,321100829,197925567,123175262,103c基金別預算分析表.xls
2014,台灣糖業股份有限公司,40167277,37768040,2399237,103c基金別預算分析表.xls
2014,台灣中油股份有限公司,1285081531,1267843526,17238005,103c基金別預算分析表.xls
2014,台灣電力股份有限公司,666588591,664998355,1590236,103c基金別預算分析表.xls
2014,台灣自來水股份有限公司,27489909,28165669,-675760,103c基金別預算分析表.xls
2014,中國輸出入銀行,1745451,1367444,378007,103c基金別預算分析表.xls
2014,臺灣金融控股股份有限公司,290088984,283556185,6532799,103c基金別預算分析表.xls
2014,臺灣土地銀行股份有限公司,53391535,45790822,7600713,103c基金別預算分析表.xls
2014,財政部印刷廠,1009359,925601,83758,103c基金別預算分析表.xls
2014,臺灣菸酒股份有限公司,82612632,74406643,8205989,103c基金別預算分析表.xls
2014,中華郵政股份有限公司,347392611,338194522,9198089,103c基金別預算分析表.xls
2014,交通部臺灣鐵路管理局,23287691,29498143,-6210452,103c基金別預算分析表.xls
2014,臺灣港務股份有限公司,20044488,15031618,5012870,103c基金別預算分析表.xls
2014,桃園國際機場股份有限公司,14081002,11038190,3042812,103c基金別預算分析表.xls
2014,勞工保險局,354396687,354396687,0,103c基金別預算分析表.xls
2014,中央存款保險股份有限公司,24426226,24426226,0,103c基金別預算分析表.xls
2014,行政院國家發展基金,25132482,582173,24550309,103c基金別預算分析表.xls
2014,營建建設基金,2181489,8570429,-6388940,103c基金別預算分析表.xls
2014,中央都市更新基金,772466,1024570,-252104,103c基金別預算分析表.xls
2014,國軍生產及服務作業基金,45997785,44324850,1672935,103c基金別預算分析表.xls
2014,國軍老舊眷村改建基金,8501746,14135310,-5633564,103c基金別預算分析表.xls
2014,地方建設基金,150373,16611,133762,103c基金別預算分析表.xls
2014,國有財產開發基金,76933,32983,43950,103c基金別預算分析表.xls
2014,國立大學校院校務基金(52所學校綜計),103157750,109134669,-5976919,103c基金別預算分析表.xls
2014,國立臺灣大學附設醫院作業基金,28356398,26263676,2092722,103c基金別預算分析表.xls
2014,國立成功大學附設醫院作業基金,8926011,8818043,107968,103c基金別預算分析表.xls
2014,國立陽明大學附設醫院作業基金,1896368,1849423,46945,103c基金別預算分析表.xls
2014,國立社教機構作業基金,1535170,1907062,-371892,103c基金別預算分析表.xls
2014,國立高級中等學校校務基金,33276741,37460258,-4183517,103c基金別預算分析表.xls
2014,法務部矯正機關作業基金,926738,991390,-64652,103c基金別預算分析表.xls
2014,經濟作業基金,8666669,8284463,382206,103c基金別預算分析表.xls
2014,水資源作業基金,6778596,7458067,-679471,103c基金別預算分析表.xls
2014,交通作業基金,53860446,39837161,14023285,103c基金別預算分析表.xls
2014,國軍退除役官兵安置基金,2486632,1331081,1155551,103c基金別預算分析表.xls
2014,榮民醫療作業基金,46450891,46030307,420584,103c基金別預算分析表.xls
2014,科學工業園區管理局作業基金,13139122,11700591,1438531,103c基金別預算分析表.xls
2014,農業作業基金,241091,213404,27687,103c基金別預算分析表.xls
2014,醫療藥品基金,27623710,26938847,684863,103c基金別預算分析表.xls
2014,管制藥品製藥工廠作業基金,505188,352591,152597,103c基金別預算分析表.xls
2014,全民健康保險基金,555622283,555619595,2688,103c基金別預算分析表.xls
2014,國民年金保險基金,78803025,78803025,0,103c基金別預算分析表.xls
2014,國立文化機構作業基金,681038,674815,6223,103c基金別預算分析表.xls
2014,故宮文物藝術發展基金,624026,443612,180414,103c基金別預算分析表.xls
2014,原住民族綜合發展基金,830625,799034,31591,103c基金別預算分析表.xls
2014,考選業務基金,716342,714182,2160,103c基金別預算分析表.xls
2014,中央政府債務基金,959746582,959738224,8358,103c基金別預算分析表.xls
2014,中央研究院科學研究基金,3162524,3108722,53802,103c基金別預算分析表.xls
2014,行政院國家科學技術發展基金,34363619,36913619,-2550000,103c基金別預算分析表.xls
2014,離島建設基金,74685,1100827,-1026142,103c基金別預算分析表.xls
2014,行政院公營事業民營化基金,7254550,8818443,-1563893,103c基金別預算分析表.xls
2014,花東地區永續發展基金,2301700,3066131,-764431,103c基金別預算分析表.xls
2014,外籍配偶照顧輔導基金,335700,454088,-118388,103c基金別預算分析表.xls
2014,研發替代役基金,1720204,1461192,259012,103c基金別預算分析表.xls
2014,警察消防海巡移民空勤人員及協勤民力安全基金,105378,20271,85107,103c基金別預算分析表.xls
2014,學產基金,894366,1332630,-438264,103c基金別預算分析表.xls
2014,運動發展基金,1421110,2226590,-805480,103c基金別預算分析表.xls
2014,核能發電後端營運基金,10367106,1177475,9189631,103c基金別預算分析表.xls
2014,地方產業發展基金,12388,451481,-439093,103c基金別預算分析表.xls
2014,航港建設基金,8014499,8081665,-67166,103c基金別預算分析表.xls
2014,核子事故緊急應變基金,163429,123034,40395,103c基金別預算分析表.xls
2014,就業安定基金,14259745,16493115,-2233370,103c基金別預算分析表.xls
2014,健康照護基金,8924883,15094143,-6169260,103c基金別預算分析表.xls
2014,社會福利基金,2533348,3117438,-584090,103c基金別預算分析表.xls
2014,環境保護基金,6606945,7297097,-690152,103c基金別預算分析表.xls
2014,金融監督管理基金,8617584,8213722,403862,103c基金別預算分析表.xls
2014,通訊傳播監督管理基金,495943,464523,31420,103c基金別預算分析表.xls
2014,有線廣播電視事業發展基金,369318,713526,-344208,103c基金別預算分析表.xls
2014,國軍營舍及設施改建基金,4196954,3948266,248688,103c基金別預算分析表.xls
2015,中央銀行,347380263,197056014,150324249,104c基金別預算分析表.xls
2015,台灣糖業股份有限公司,39892833,37101815,2791018,104c基金別預算分析表.xls
2015,台灣中油股份有限公司,862545971,849445212,13100759,104c基金別預算分析表.xls
2015,台灣電力股份有限公司,623358669,608954075,14404594,104c基金別預算分析表.xls
2015,台灣自來水股份有限公司,28488343,29214895,-726552,104c基金別預算分析表.xls
2015,中國輸出入銀行,1827634,1459427,368207,104c基金別預算分析表.xls
2015,臺灣金融控股股份有限公司,289413738,285088258,4325480,104c基金別預算分析表.xls
2015,臺灣土地銀行股份有限公司,52264810,45630370,6634440,104c基金別預算分析表.xls
2015,財政部印刷廠,1008035,922089,85946,104c基金別預算分析表.xls
2015,臺灣菸酒股份有限公司,82757637,73992561,8765076,104c基金別預算分析表.xls
2015,中華郵政股份有限公司,282624747,274410502,8214245,104c基金別預算分析表.xls
2015,交通部臺灣鐵路管理局,25170567,30203254,-5032687,104c基金別預算分析表.xls
2015,臺灣港務股份有限公司,20911772,15519011,5392761,104c基金別預算分析表.xls
2015,桃園國際機場股份有限公司,14927569,11728739,3198830,104c基金別預算分析表.xls
2015,中央存款保險股份有限公司,8600363,8600363,0,104c基金別預算分析表.xls
2015,行政院國家發展基金,32228597,1043529,31185068,104c基金別預算分析表.xls
2015,營建建設基金,3597662,9293677,-5696015,104c基金別預算分析表.xls
2015,中央都市更新基金,685058,947099,-262041,104c基金別預算分析表.xls
2015,國軍生產及服務作業基金,28388668,27274006,1114662,104c基金別預算分析表.xls
2015,國軍老舊眷村改建基金,11132909,15302732,-4169823,104c基金別預算分析表.xls
2015,地方建設基金,151773,12653,139120,104c基金別預算分析表.xls
2015,國有財產開發基金,80614,33218,47396,104c基金別預算分析表.xls
2015,國立大學校院校務基金(51所學校綜計),108107829,114268947,-6161118,104c基金別預算分析表.xls
2015,國立臺灣大學附設醫院作業基金,29741736,28021368,1720368,104c基金別預算分析表.xls
2015,國立成功大學附設醫院作業基金,9772211,9659472,112739,104c基金別預算分析表.xls
2015,國立陽明大學附設醫院作業基金,2022425,1982878,39547,104c基金別預算分析表.xls
2015,國立社教機構作業基金,1562441,1893967,-331526,104c基金別預算分析表.xls
2015,國立高級中等學校校務基金,34237226,38246604,-4009378,104c基金別預算分析表.xls
2015,法務部矯正機關作業基金,986108,1040764,-54656,104c基金別預算分析表.xls
2015,經濟作業基金,8633283,8387300,245983,104c基金別預算分析表.xls
2015,水資源作業基金,7283471,7935684,-652213,104c基金別預算分析表.xls
2015,交通作業基金,54729090,39029276,15699814,104c基金別預算分析表.xls
2015,國軍退除役官兵安置基金,1996779,1243659,753120,104c基金別預算分析表.xls
2015,榮民醫療作業基金,48280588,47865094,415494,104c基金別預算分析表.xls
2015,科學工業園區管理局作業基金,13800512,11266879,2533633,104c基金別預算分析表.xls
2015,農業作業基金,243785,217738,26047,104c基金別預算分析表.xls
2015,勞工保險局作業基金,369339056,369339056,0,104c基金別預算分析表.xls
2015,醫療藥品基金,28420648,27657521,763127,104c基金別預算分析表.xls
2015,管制藥品製藥工廠作業基金,502969,348323,154646,104c基金別預算分析表.xls
2015,全民健康保險基金,571509741,571539448,-29707,104c基金別預算分析表.xls
2015,國民年金保險基金,86972621,86972621,0,104c基金別預算分析表.xls
2015,國立文化機構作業基金,842659,817932,24727,104c基金別預算分析表.xls
2015,故宮文物藝術發展基金,809766,430706,379060,104c基金別預算分析表.xls
2015,原住民族綜合發展基金,878021,794748,83273,104c基金別預算分析表.xls
2015,考選業務基金,711838,708148,3690,104c基金別預算分析表.xls
2015,中央政府債務基金,911648356,911644380,3976,104c基金別預算分析表.xls
2015,中央研究院科學研究基金,7678133,7625617,52516,104c基金別預算分析表.xls
2015,行政院國家科學技術發展基金,39081684,42870552,-3788868,104c基金別預算分析表.xls
2015,離島建設基金,59201,1100705,-1041504,104c基金別預算分析表.xls
2015,行政院公營事業民營化基金,7281360,8501556,-1220196,104c基金別預算分析表.xls
2015,花東地區永續發展基金,276000,1023108,-747108,104c基金別預算分析表.xls
2015,外籍配偶照顧輔導基金,4800,279979,-275179,104c基金別預算分析表.xls
2015,研發替代役基金,1590080,1527328,62752,104c基金別預算分析表.xls
2015,警察消防海巡移民空勤人員及協勤民力安全基金,104055,19046,85009,104c基金別預算分析表.xls
2015,學產基金,784124,1516989,-732865,104c基金別預算分析表.xls
2015,運動發展基金,1487250,1961922,-474672,104c基金別預算分析表.xls
2015,核能發電後端營運基金,10806443,3244876,7561567,104c基金別預算分析表.xls
2015,地方產業發展基金,11256,312399,-301143,104c基金別預算分析表.xls
2015,航港建設基金,8183358,8866016,-682658,104c基金別預算分析表.xls
2015,核子事故緊急應變基金,163930,118783,45147,104c基金別預算分析表.xls
2015,就業安定基金,16260965,16577594,-316629,104c基金別預算分析表.xls
2015,健康照護基金,10132573,16267041,-6134468,104c基金別預算分析表.xls
2015,社會福利基金,2690436,3197024,-506588,104c基金別預算分析表.xls
2015,環境保護基金,6490339,7268779,-778440,104c基金別預算分析表.xls
2015,金融監督管理基金,25349666,24912520,437146,104c基金別預算分析表.xls
2015,通訊傳播監督管理基金,460019,395216,64803,104c基金別預算分析表.xls
2015,有線廣播電視事業發展基金,368383,634104,-265721,104c基金別預算分析表.xls
2015,國軍營舍及設施改建基金,19310096,4123249,15186847,104c基金別預算分析表.xls
2016,中央銀行,362306484,211962469,150344015,105c基金別預算分析表.xls
2016,台灣糖業股份有限公司,38298750,35120939,3177811,105c基金別預算分析表.xls
2016,台灣中油股份有限公司,582388459,576272698,6115761,105c基金別預算分析表.xls
2016,台灣電力股份有限公司,564326760,542999489,21327271,105c基金別預算分析表.xls
2016,台灣自來水股份有限公司,29380450,29767934,-387484,105c基金別預算分析表.xls
2016,中國輸出入銀行,2019091,1598627,420464,105c基金別預算分析表.xls
2016,臺灣金融控股股份有限公司,275816581,269934404,5882177,105c基金別預算分析表.xls
2016,臺灣土地銀行股份有限公司,53607310,45987309,7620001,105c基金別預算分析表.xls
2016,財政部印刷廠,992419,904678,87741,105c基金別預算分析表.xls
2016,臺灣菸酒股份有限公司,81982116,73075693,8906423,105c基金別預算分析表.xls
2016,中華郵政股份有限公司,321551737,312993749,8557988,105c基金別預算分析表.xls
2016,交通部臺灣鐵路管理局,26314088,31080450,-4766362,105c基金別預算分析表.xls
2016,臺灣港務股份有限公司,21281203,15728519,5552684,105c基金別預算分析表.xls
2016,桃園國際機場股份有限公司,18171135,13331028,4840107,105c基金別預算分析表.xls
2016,中央存款保險股份有限公司,9098738,9098738,0,105c基金別預算分析表.xls
2016,行政院國家發展基金,20217059,1106433,19110626,105c基金別預算分析表.xls
2016,營建建設基金,2758667,8852867,-6094200,105c基金別預算分析表.xls
2016,國軍生產及服務作業基金,28763275,27733149,1030126,105c基金別預算分析表.xls
2016,國軍老舊眷村改建基金,6044254,6969690,-925436,105c基金別預算分析表.xls
2016,地方建設基金,150711,12100,138611,105c基金別預算分析表.xls
2016,國有財產開發基金,82154,31326,50828,105c基金別預算分析表.xls
2016,國立大學校院校務基金(51所學校綜計),109559759,115807843,-6248084,105c基金別預算分析表.xls
2016,國立臺灣大學附設醫院作業基金,32037182,30280421,1756761,105c基金別預算分析表.xls
2016,國立成功大學附設醫院作業基金,10615186,10488390,126796,105c基金別預算分析表.xls
2016,國立陽明大學附設醫院作業基金,2141235,2108176,33059,105c基金別預算分析表.xls
2016,國立社教機構作業基金,1706567,2150361,-443794,105c基金別預算分析表.xls
2016,國立高級中等學校校務基金,35127452,39014934,-3887482,105c基金別預算分析表.xls
2016,法務部矯正機關作業基金,1063020,1076828,-13808,105c基金別預算分析表.xls
2016,經濟作業基金,9915953,9277280,638673,105c基金別預算分析表.xls
2016,水資源作業基金,7380601,8215630,-835029,105c基金別預算分析表.xls
2016,交通作業基金,59511593,40640852,18870741,105c基金別預算分析表.xls
2016,國軍退除役官兵安置基金,2282820,1265679,1017141,105c基金別預算分析表.xls
2016,榮民醫療作業基金,50378732,49720299,658433,105c基金別預算分析表.xls
2016,科學工業園區管理局作業基金,14752231,11697339,3054892,105c基金別預算分析表.xls
2016,農業作業基金,432316,386485,45831,105c基金別預算分析表.xls
2016,勞工保險局作業基金,384123306,384123306,0,105c基金別預算分析表.xls
2016,醫療藥品基金,29155822,28328183,827639,105c基金別預算分析表.xls
2016,管制藥品製藥工廠作業基金,596893,431324,165569,105c基金別預算分析表.xls
2016,全民健康保險基金,600034645,600050496,-15851,105c基金別預算分析表.xls
2016,國民年金保險基金,92940948,92940948,0,105c基金別預算分析表.xls
2016,國立文化機構作業基金,1189486,1146290,43196,105c基金別預算分析表.xls
2016,故宮文物藝術發展基金,1183854,616451,567403,105c基金別預算分析表.xls
2016,原住民族綜合發展基金,1567036,2122043,-555007,105c基金別預算分析表.xls
2016,考選業務基金,657454,647146,10308,105c基金別預算分析表.xls
2016,中央政府債務基金,880013730,880009752,3978,105c基金別預算分析表.xls
2016,中央研究院科學研究基金,7302328,7774817,-472489,105c基金別預算分析表.xls
2016,行政院國家科學技術發展基金,37223199,38369199,-1146000,105c基金別預算分析表.xls
2016,離島建設基金,49736,800701,-750965,105c基金別預算分析表.xls
2016,行政院公營事業民營化基金,7661314,8465263,-803949,105c基金別預算分析表.xls
2016,花東地區永續發展基金,1212200,2023148,-810948,105c基金別預算分析表.xls
2016,新住民發展基金,302400,279000,23400,105c基金別預算分析表.xls
2016,研發及產業訓儲替代役基金,1815583,1661173,154410,105c基金別預算分析表.xls
2016,警察消防海巡移民空勤人員及協勤民力安全基金,104085,18241,85844,105c基金別預算分析表.xls
2016,學產基金,800440,1427236,-626796,105c基金別預算分析表.xls
2016,運動發展基金,1808000,2394127,-586127,105c基金別預算分析表.xls
2016,核能發電後端營運基金,10849941,2957117,7892824,105c基金別預算分析表.xls
2016,地方產業發展基金,245534,395929,-150395,105c基金別預算分析表.xls
2016,航港建設基金,8611928,11828519,-3216591,105c基金別預算分析表.xls
2016,核子事故緊急應變基金,590882,108963,481919,105c基金別預算分析表.xls
2016,就業安定基金,15257995,16363558,-1105563,105c基金別預算分析表.xls
2016,健康照護基金,9817567,13910622,-4093055,105c基金別預算分析表.xls
2016,社會福利基金,2992837,3167979,-175142,105c基金別預算分析表.xls
2016,環境保護基金,6846590,7823994,-977404,105c基金別預算分析表.xls
2016,金融監督管理基金,26862031,26184497,677534,105c基金別預算分析表.xls
2016,通訊傳播監督管理基金,458186,393620,64566,105c基金別預算分析表.xls
2016,有線廣播電視事業發展基金,364976,390300,-25324,105c基金別預算分析表.xls
2016,反托拉斯基金,12000,10000,2000,105c基金別預算分析表.xls
2016,國軍營舍及設施改建基金,11689744,4844460,6845284,105c基金別預算分析表.xls
2017,中央銀行,362779011,212425022,150353989,106c基金別預算分析表.xls
2017,台灣糖業股份有限公司,37010084,33667619,3342465,106c基金別預算分析表.xls
2017,台灣中油股份有限公司,747040096,738793425,8246671,106c基金別預算分析表.xls
2017,台灣電力股份有限公司,566611302,545016366,21594936,106c基金別預算分析表.xls
2017,台灣自來水股份有限公司,29311242,29713270,-402028,106c基金別預算分析表.xls
2017,中國輸出入銀行,2111929,1639618,472311,106c基金別預算分析表.xls
2017,臺灣金融控股股份有限公司,308913877,303038121,5875756,106c基金別預算分析表.xls
2017,臺灣土地銀行股份有限公司,53092793,45120217,7972576,106c基金別預算分析表.xls
2017,財政部印刷廠,963845,873740,90105,106c基金別預算分析表.xls
2017,臺灣菸酒股份有限公司,78817577,69949064,8868513,106c基金別預算分析表.xls
2017,中華郵政股份有限公司,286584099,277470897,9113202,106c基金別預算分析表.xls
2017,交通部臺灣鐵路管理局,26817484,30219624,-3402140,106c基金別預算分析表.xls
2017,臺灣港務股份有限公司,21238366,15587738,5650628,106c基金別預算分析表.xls
2017,桃園國際機場股份有限公司,19878154,14146742,5731412,106c基金別預算分析表.xls
2017,中央存款保險股份有限公司,9380779,9380779,0,106c基金別預算分析表.xls
2017,行政院國家發展基金,12419120,1071840,11347280,106c基金別預算分析表.xls
2017,營建建設基金,3842302,8482660,-4640358,106c基金別預算分析表.xls
2017,國軍生產及服務作業基金,28348818,26769909,1578909,106c基金別預算分析表.xls
2017,國軍老舊眷村改建基金,2959684,4791896,-1832212,106c基金別預算分析表.xls
2017,地方建設基金,136500,9317,127183,106c基金別預算分析表.xls
2017,國有財產開發基金,102234,46696,55538,106c基金別預算分析表.xls
2017,國立大學校院校務基金(51所學校綜計),110704888,116847565,-6142677,106c基金別預算分析表.xls
2017,國立臺灣大學附設醫院作業基金,33864662,31805396,2059266,106c基金別預算分析表.xls
2017,國立成功大學附設醫院作業基金,11648885,11522089,126796,106c基金別預算分析表.xls
2017,國立陽明大學附設醫院作業基金,2844070,2836570,7500,106c基金別預算分析表.xls
2017,國立社教機構作業基金,1849061,2277763,-428702,106c基金別預算分析表.xls
2017,國立高級中等學校校務基金,30414572,34003401,-3588829,106c基金別預算分析表.xls
2017,法務部矯正機關作業基金,1066204,1111785,-45581,106c基金別預算分析表.xls
2017,經濟作業基金,14402975,14644797,-241822,106c基金別預算分析表.xls
2017,水資源作業基金,7094223,8206677,-1112454,106c基金別預算分析表.xls
2017,交通作業基金,66222697,41585460,24637237,106c基金別預算分析表.xls
2017,國軍退除役官兵安置基金,2229604,1361828,867776,106c基金別預算分析表.xls
2017,榮民醫療作業基金,53558875,52420393,1138482,106c基金別預算分析表.xls
2017,科學工業園區管理局作業基金,15387106,11935892,3451214,106c基金別預算分析表.xls
2017,農業作業基金,448405,389988,58417,106c基金別預算分析表.xls
2017,勞工保險局作業基金,418534527,418534527,0,106c基金別預算分析表.xls
2017,醫療藥品基金,30337990,29426462,911528,106c基金別預算分析表.xls
2017,管制藥品製藥工廠作業基金,630194,464123,166071,106c基金別預算分析表.xls
2017,全民健康保險基金,610814207,610814207,0,106c基金別預算分析表.xls
2017,國民年金保險基金,99161920,99161920,0,106c基金別預算分析表.xls
2017,國立文化機構作業基金,1244449,1205826,38623,106c基金別預算分析表.xls
2017,故宮文物藝術發展基金,1178105,668578,509527,106c基金別預算分析表.xls
2017,原住民族綜合發展基金,1854267,2976634,-1122367,106c基金別預算分析表.xls
2017,考選業務基金,624124,613616,10508,106c基金別預算分析表.xls
2017,中央政府債務基金,810258485,810256446,2039,106c基金別預算分析表.xls
2017,中央研究院科學研究基金,5040084,5083006,-42922,106c基金別預算分析表.xls
2017,行政院國家科學技術發展基金,42281428,45175833,-2894405,106c基金別預算分析表.xls
2017,離島建設基金,34953,800704,-765751,106c基金別預算分析表.xls
2017,行政院公營事業民營化基金,8235962,8493789,-257827,106c基金別預算分析表.xls
2017,花東地區永續發展基金,1147953,1550990,-403037,106c基金別預算分析表.xls
2017,新住民發展基金,303200,315958,-12758,106c基金別預算分析表.xls
2017,研發及產業訓儲替代役基金,1648863,1506655,142208,106c基金別預算分析表.xls
2017,警察消防海巡移民空勤人員及協勤民力安全基金,2384,19371,-16987,106c基金別預算分析表.xls
2017,國土永續發展基金,127345,126757,588,106c基金別預算分析表.xls
2017,學產基金,745283,1168972,-423689,106c基金別預算分析表.xls
2017,運動發展基金,2880000,2676800,203200,106c基金別預算分析表.xls
2017,大專校院轉型及退場基金,2500000,200000,2300000,106c基金別預算分析表.xls
2017,核能發電後端營運基金,10127972,2175401,7952571,106c基金別預算分析表.xls
2017,地方產業發展基金,178369,292701,-114332,106c基金別預算分析表.xls
2017,航港建設基金,8642037,9667634,-1025597,106c基金別預算分析表.xls
2017,核子事故緊急應變基金,166716,123640,43076,106c基金別預算分析表.xls
2017,就業安定基金,20025585,16464695,3560890,106c基金別預算分析表.xls
2017,環境保護基金,7185347,10186750,-3001403,106c基金別預算分析表.xls
2017,金融監督管理基金,25811866,24995569,816297,106c基金別預算分析表.xls
2017,通訊傳播監督管理基金,397939,355169,42770,106c基金別預算分析表.xls
2017,有線廣播電視事業發展基金,368827,346737,22090,106c基金別預算分析表.xls
2017,反托拉斯基金,59554,22190,37364,106c基金別預算分析表.xls
2017,國軍營舍及設施改建基金,7917563,4829292,3088271,106c基金別預算分析表.xls
2018,中央銀行,364183807,213807912,150375895,107c基金別預算分析表.xls
2018,台灣糖業股份有限公司,35922182,33270637,2651545,107c基金別預算分析表.xls
2018,台灣中油股份有限公司,847426956,833832105,13594851,107c基金別預算分析表.xls
2018,台灣電力股份有限公司,604783078,594889034,9894044,107c基金別預算分析表.xls
2018,台灣自來水股份有限公司,29836136,30179513,-343377,107c基金別預算分析表.xls
2018,中國輸出入銀行,2428675,1877873,550802,107c基金別預算分析表.xls
2018,臺灣金融控股股份有限公司,314661128,308648554,6012574,107c基金別預算分析表.xls
2018,臺灣土地銀行股份有限公司,52711351,44496419,8214932,107c基金別預算分析表.xls
2018,財政部印刷廠,954176,862212,91964,107c基金別預算分析表.xls
2018,臺灣菸酒股份有限公司,81869679,74982874,6886805,107c基金別預算分析表.xls
2018,中華郵政股份有限公司,286501459,277708813,8792646,107c基金別預算分析表.xls
2018,交通部臺灣鐵路管理局,28363397,31209104,-2845707,107c基金別預算分析表.xls
2018,臺灣港務股份有限公司,21099034,15318765,5780269,107c基金別預算分析表.xls
2018,桃園國際機場股份有限公司,21001784,14860568,6141216,107c基金別預算分析表.xls
2018,中央存款保險股份有限公司,9699928,9699928,0,107c基金別預算分析表.xls
2018,行政院國家發展基金,14418203,1002711,13415492,107c基金別預算分析表.xls
2018,營建建設基金,3770184,11225125,-7454941,107c基金別預算分析表.xls
2018,國軍生產及服務作業基金,28783153,26624742,2158411,107c基金別預算分析表.xls
2018,國軍老舊眷村改建基金,1784097,2151436,-367339,107c基金別預算分析表.xls
2018,地方建設基金,93363,8776,84587,107c基金別預算分析表.xls
2018,國有財產開發基金,101704,22137,79567,107c基金別預算分析表.xls
2018,國立大學校院校務基金(50所學校綜計),115127612,121193380,-6065768,107c基金別預算分析表.xls
2018,國立臺灣大學附設醫院作業基金,36139518,33642741,2496777,107c基金別預算分析表.xls
2018,國立成功大學附設醫院作業基金,12103086,11991686,111400,107c基金別預算分析表.xls
2018,國立陽明大學附設醫院作業基金,2865635,2856345,9290,107c基金別預算分析表.xls
2018,國立社教機構作業基金,1984121,2312821,-328700,107c基金別預算分析表.xls
2018,國立高級中等學校校務基金,29405650,32918421,-3512771,107c基金別預算分析表.xls
2018,法務部矯正機關作業基金,1077196,1105743,-28547,107c基金別預算分析表.xls
2018,經濟作業基金,12337331,12743625,-406294,107c基金別預算分析表.xls
2018,水資源作業基金,8011691,8488874,-477183,107c基金別預算分析表.xls
2018,交通作業基金,69548685,39191678,30357007,107c基金別預算分析表.xls
2018,國軍退除役官兵安置基金,2272499,1543755,728744,107c基金別預算分析表.xls
2018,榮民醫療作業基金,56657430,55034123,1623307,107c基金別預算分析表.xls
2018,科學工業園區管理局作業基金,15827907,12244991,3582916,107c基金別預算分析表.xls
2018,農業作業基金,458622,419426,39196,107c基金別預算分析表.xls
2018,勞工保險局作業基金,428736134,428736134,0,107c基金別預算分析表.xls
2018,醫療藥品基金,31789448,30762726,1026722,107c基金別預算分析表.xls
2018,管制藥品製藥工廠作業基金,748592,567557,181035,107c基金別預算分析表.xls
2018,全民健康保險基金,642920046,642920046,0,107c基金別預算分析表.xls
2018,國民年金保險基金,102286709,102286709,0,107c基金別預算分析表.xls
2018,國立文化機構作業基金,1129260,1107147,22113,107c基金別預算分析表.xls
2018,故宮文物藝術發展基金,765243,570465,194778,107c基金別預算分析表.xls
2018,原住民族綜合發展基金,1735508,2844507,-1108999,107c基金別預算分析表.xls
2018,考選業務基金,643608,629909,13699,107c基金別預算分析表.xls
2018,中央政府債務基金,775516554,775515693,861,107c基金別預算分析表.xls
2018,中央研究院科學研究基金,4597863,4741947,-144084,107c基金別預算分析表.xls
2018,行政院國家科學技術發展基金,34455943,40625229,-6169286,107c基金別預算分析表.xls
2018,離島建設基金,25802,800448,-774646,107c基金別預算分析表.xls
2018,行政院公營事業民營化基金,7885004,8521803,-636799,107c基金別預算分析表.xls
2018,花東地區永續發展基金,1044200,1008162,36038,107c基金別預算分析表.xls
2018,新住民發展基金,302010,313180,-11170,107c基金別預算分析表.xls
2018,研發及產業訓儲替代役基金,1328995,1221737,107258,107c基金別預算分析表.xls
2018,警察消防海巡移民空勤人員及協勤民力安全基金,2522,19221,-16699,107c基金別預算分析表.xls
2018,國土永續發展基金,120168,120168,0,107c基金別預算分析表.xls
2018,學產基金,788134,1270301,-482167,107c基金別預算分析表.xls
2018,運動發展基金,3373932,4252260,-878328,107c基金別預算分析表.xls
2018,大專校院轉型及退場基金,817200,109377,707823,107c基金別預算分析表.xls
2018,核能發電後端營運基金,9016685,2240672,6776013,107c基金別預算分析表.xls
2018,航港建設基金,8588557,7985683,602874,107c基金別預算分析表.xls
2018,核子事故緊急應變基金,118045,116206,1839,107c基金別預算分析表.xls
2018,就業安定基金,20695898,15882547,4813351,107c基金別預算分析表.xls
2018,環境保護基金,9469014,14363409,-4894395,107c基金別預算分析表.xls
2018,金融監督管理基金,24631692,23738060,893632,107c基金別預算分析表.xls
2018,通訊傳播監督管理基金,466192,422685,43507,107c基金別預算分析表.xls
2018,有線廣播電視事業發展基金,371149,354244,16905,107c基金別預算分析表.xls
2018,反托拉斯基金,46694,19658,27036,107c基金別預算分析表.xls
2018,國軍營舍及設施改建基金,11625056,6597789,5027267,107c基金別預算分析表.xls
2019,中央銀行,375138289,224739466,150398823,108c基金別預算分析表.xls
2019,台灣糖業股份有限公司,35338167,32598543,2739624,108c基金別預算分析表.xls
2019,台灣中油股份有限公司,845884364,829712842,16171522,108c基金別預算分析表.xls
2019,台灣電力股份有限公司,626368590,623333863,3034727,108c基金別預算分析表.xls
2019,台灣自來水股份有限公司,30978389,31053475,-75086,108c基金別預算分析表.xls
2019,中國輸出入銀行,2514676,1912175,602501,108c基金別預算分析表.xls
2019,臺灣金融控股股份有限公司,340823409,334371813,6451596,108c基金別預算分析表.xls
2019,臺灣土地銀行股份有限公司,53548661,45690724,7857937,108c基金別預算分析表.xls
2019,財政部印刷廠,916130,832148,83982,108c基金別預算分析表.xls
2019,臺灣菸酒股份有限公司,78765288,72112874,6652414,108c基金別預算分析表.xls
2019,中華郵政股份有限公司,282255045,273170458,9084587,108c基金別預算分析表.xls
2019,交通部臺灣鐵路管理局,30230017,32346534,-2116517,108c基金別預算分析表.xls
2019,臺灣港務股份有限公司,21057792,15514736,5543056,108c基金別預算分析表.xls
2019,桃園國際機場股份有限公司,21735575,15810268,5925307,108c基金別預算分析表.xls
2019,中央存款保險股份有限公司,10141037,10141037,0,108c基金別預算分析表.xls
2019,行政院國家發展基金,16383616,862438,15521178,108c基金別預算分析表.xls
2019,營建建設基金,2727972,12512905,-9784933,108c基金別預算分析表.xls
2019,國軍生產及服務作業基金,31410002,30295233,1114769,108c基金別預算分析表.xls
2019,國軍老舊眷村改建基金,1427218,1843094,-415876,108c基金別預算分析表.xls
2019,地方建設基金,71741,8989,62752,108c基金別預算分析表.xls
2019,國立大學校院校務基金(48所學校綜計),121221683,126916461,-5694778,108c基金別預算分析表.xls
2019,國立臺灣大學附設醫院作業基金,37347775,34625548,2722227,108c基金別預算分析表.xls
2019,國立成功大學附設醫院作業基金,13050786,12938833,111953,108c基金別預算分析表.xls
2019,國立陽明大學附設醫院作業基金,3007245,3004275,2970,108c基金別預算分析表.xls
2019,國立社教機構作業基金,1976130,2499923,-523793,108c基金別預算分析表.xls
2019,國立高級中等學校校務基金,29715389,33340227,-3624838,108c基金別預算分析表.xls
2019,法務部矯正機關作業基金,1090524,1096971,-6447,108c基金別預算分析表.xls
2019,經濟作業基金,14566769,14953533,-386764,108c基金別預算分析表.xls
2019,水資源作業基金,8275831,9438359,-1162528,108c基金別預算分析表.xls
2019,交通作業基金,63428334,38591435,24836899,108c基金別預算分析表.xls
2019,國軍退除役官兵安置基金,2319107,1785926,533181,108c基金別預算分析表.xls
2019,榮民醫療作業基金,60269942,58428050,1841892,108c基金別預算分析表.xls
2019,科學園區管理局作業基金,16791714,14327900,2463814,108c基金別預算分析表.xls
2019,農業作業基金,467724,425470,42254,108c基金別預算分析表.xls
2019,勞工保險局作業基金,499879473,499879473,0,108c基金別預算分析表.xls
2019,醫療藥品基金,33599900,32494337,1105563,108c基金別預算分析表.xls
2019,管制藥品製藥工廠作業基金,844900,649272,195628,108c基金別預算分析表.xls
2019,全民健康保險基金,669590368,669590368,0,108c基金別預算分析表.xls
2019,國民年金保險基金,107127844,107127844,0,108c基金別預算分析表.xls
2019,國立文化機構作業基金,768242,740113,28129,108c基金別預算分析表.xls
2019,故宮文物藝術發展基金,850000,636031,213969,108c基金別預算分析表.xls
2019,原住民族綜合發展基金,1788379,3155081,-1366702,108c基金別預算分析表.xls
2019,考選業務基金,624632,604841,19791,108c基金別預算分析表.xls
2019,中央政府債務基金,807724620,807723759,861,108c基金別預算分析表.xls
2019,中央研究院科學研究基金,4044826,4143261,-98435,108c基金別預算分析表.xls
2019,行政院國家科學技術發展基金,36664597,40518274,-3853677,108c基金別預算分析表.xls
2019,離島建設基金,7216,900448,-893232,108c基金別預算分析表.xls
2019,行政院公營事業民營化基金,8357526,8784170,-426644,108c基金別預算分析表.xls
2019,花東地區永續發展基金,997500,1507162,-509662,108c基金別預算分析表.xls
2019,新住民發展基金,1214,321103,-319889,108c基金別預算分析表.xls
2019,研發及產業訓儲替代役基金,707193,684270,22923,108c基金別預算分析表.xls
2019,警察消防海巡移民空勤人員及協勤民力安全基金,2803,16462,-13659,108c基金別預算分析表.xls
2019,國土永續發展基金,97393,97393,0,108c基金別預算分析表.xls
2019,學產基金,800186,1029761,-229575,108c基金別預算分析表.xls
2019,運動發展基金,3459440,4939422,-1479982,108c基金別預算分析表.xls
2019,大專校院轉型及退場基金,764161,109230,654931,108c基金別預算分析表.xls
2019,毒品防制基金,361101,361101,0,108c基金別預算分析表.xls
2019,核能發電後端營運基金,24996826,2992751,22004075,108c基金別預算分析表.xls
2019,航港建設基金,8725526,8178631,546895,108c基金別預算分析表.xls
2019,核子事故緊急應變基金,116654,106680,9974,108c基金別預算分析表.xls
2019,就業安定基金,22259934,16971742,5288192,108c基金別預算分析表.xls
2019,環境保護基金,8916067,14557697,-5641630,108c基金別預算分析表.xls
2019,金融監督管理基金,24884387,24013403,870984,108c基金別預算分析表.xls
2019,通訊傳播監督管理基金,408639,492510,-83871,108c基金別預算分析表.xls
2019,有線廣播電視事業發展基金,362334,300879,61455,108c基金別預算分析表.xls
2019,反托拉斯基金,46694,18786,27908,108c基金別預算分析表.xls
2019,國軍營舍及設施改建基金,5657675,7159783,-1502108,108c基金別預算分析表.xls
2020,中央銀行,389259829,238848367,150411462,109c基金別預算分析表.xls
2020,台灣糖業股份有限公司,33508589,30670037,2838552,109c基金別預算分析表.xls
2020,台灣中油股份有限公司,650537977,639183617,11354360,109c基金別預算分析表.xls
2020,台灣電力股份有限公司,646706698,644643452,2063246,109c基金別預算分析表.xls
2020,台灣自來水股份有限公司,31367721,31635547,-267826,109c基金別預算分析表.xls
2020,中國輸出入銀行,3126548,2492404,634144,109c基金別預算分析表.xls
2020,臺灣金融控股股份有限公司,334742630,328356906,6385724,109c基金別預算分析表.xls
2020,臺灣土地銀行股份有限公司,56423765,48579935,7843830,109c基金別預算分析表.xls
2020,財政部印刷廠,834978,765641,69337,109c基金別預算分析表.xls
2020,臺灣菸酒股份有限公司,74338247,67958423,6379824,109c基金別預算分析表.xls
2020,中華郵政股份有限公司,275118427,266181645,8936782,109c基金別預算分析表.xls
2020,交通部臺灣鐵路管理局,30036035,32794691,-2758656,109c基金別預算分析表.xls
2020,臺灣港務股份有限公司,21013276,15443276,5570000,109c基金別預算分析表.xls
2020,桃園國際機場股份有限公司,22855211,16601153,6254058,109c基金別預算分析表.xls
2020,中央存款保險股份有限公司,10570851,10570851,0,109c基金別預算分析表.xls
2020,行政院國家發展基金,16500952,1824677,14676275,109c基金別預算分析表.xls
2020,營建建設基金,627175,9106993,-8479818,109c基金別預算分析表.xls
2020,國軍生產及服務作業基金,35426952,34238758,1188194,109c基金別預算分析表.xls
2020,國軍老舊眷村改建基金,1685454,9731147,-8045693,109c基金別預算分析表.xls
2020,國立大學校院校務基金(48所學校綜計),126665743,131309418,-4643675,109c基金別預算分析表.xls
2020,國立臺灣大學附設醫院作業基金,39682582,36941616,2740966,109c基金別預算分析表.xls
2020,國立成功大學附設醫院作業基金,13574827,13476884,97943,109c基金別預算分析表.xls
2020,國立陽明大學附設醫院作業基金,3089895,3087148,2747,109c基金別預算分析表.xls
2020,教育部所屬機構作業基金,1989547,2475301,-485754,109c基金別預算分析表.xls
2020,國立高級中等學校校務基金,29983446,33767918,-3784472,109c基金別預算分析表.xls
2020,法務部矯正機關作業基金,1026090,1058994,-32904,109c基金別預算分析表.xls
2020,經濟作業基金,8954931,10059629,-1104698,109c基金別預算分析表.xls
2020,水資源作業基金,7676020,9053862,-1377842,109c基金別預算分析表.xls
2020,交通作業基金,64625008,38369429,26255579,109c基金別預算分析表.xls
2020,國軍退除役官兵安置基金,2493135,1571637,921498,109c基金別預算分析表.xls
2020,榮民醫療作業基金,64112606,62142123,1970483,109c基金別預算分析表.xls
2020,科學園區管理局作業基金,17629502,14534039,3095463,109c基金別預算分析表.xls
2020,農業作業基金,464108,573842,-109734,109c基金別預算分析表.xls
2020,勞工保險局作業基金,524652015,524652015,0,109c基金別預算分析表.xls
2020,醫療藥品基金,35739693,34510168,1229525,109c基金別預算分析表.xls
2020,管制藥品製藥工廠作業基金,871844,701268,170576,109c基金別預算分析表.xls
2020,全民健康保險基金,699001568,699001568,0,109c基金別預算分析表.xls
2020,國民年金保險基金,109844940,109844940,0,109c基金別預算分析表.xls
2020,國立文化機構作業基金,729265,715970,13295,109c基金別預算分析表.xls
2020,故宮文物藝術發展基金,769791,611784,158007,109c基金別預算分析表.xls
2020,原住民族綜合發展基金,1804636,3154050,-1349414,109c基金別預算分析表.xls
2020,考選業務基金,616642,601464,15178,109c基金別預算分析表.xls
2020,中央政府債務基金,777445645,777444868,777,109c基金別預算分析表.xls
2020,中央研究院科學研究基金,4102941,4307954,-205013,109c基金別預算分析表.xls
2020,行政院國家科學技術發展基金,37036277,42295087,-5258810,109c基金別預算分析表.xls
2020,離島建設基金,7140,900443,-893303,109c基金別預算分析表.xls
2020,行政院公營事業民營化基金,8777796,9098631,-320835,109c基金別預算分析表.xls
2020,花東地區永續發展基金,940000,1258162,-318162,109c基金別預算分析表.xls
2020,新住民發展基金,502033,347665,154368,109c基金別預算分析表.xls
2020,研發及產業訓儲替代役基金,484681,483841,840,109c基金別預算分析表.xls
2020,警察消防海巡移民空勤人員及協勤民力安全基金,2813,18354,-15541,109c基金別預算分析表.xls
2020,國土永續發展基金,91549,137011,-45462,109c基金別預算分析表.xls
2020,學產基金,823253,1067212,-243959,109c基金別預算分析表.xls
2020,運動發展基金,3962750,6171056,-2208306,109c基金別預算分析表.xls
2020,大專校院轉型及退場基金,2190,90690,-88500,109c基金別預算分析表.xls
2020,毒品防制基金,471255,471255,0,109c基金別預算分析表.xls
2020,核能發電後端營運基金,26543616,3513711,23029905,109c基金別預算分析表.xls
2020,航港建設基金,8837798,8203510,634288,109c基金別預算分析表.xls
2020,核子事故緊急應變基金,116780,98905,17875,109c基金別預算分析表.xls
2020,就業安定基金,23494574,17574963,5919611,109c基金別預算分析表.xls
2020,環境保護基金,8735622,10956942,-2221320,109c基金別預算分析表.xls
2020,金融監督管理基金,26341746,25483530,858216,109c基金別預算分析表.xls
2020,通訊傳播監督管理基金,640145,616091,24054,109c基金別預算分析表.xls
2020,有線廣播電視事業發展基金,358541,351008,7533,109c基金別預算分析表.xls
2020,反托拉斯基金,48234,48569,-335,109c基金別預算分析表.xls
2020,國軍營舍及設施改建基金,17158786,9221960,7936826,109c基金別預算分析表.xls
2021,中央銀行,309237599,168112668,141124931,110c基金別預算分析表.xls
2021,台灣糖業股份有限公司,34452700,30004276,4448424,110c基金別預算分析表.xls
2021,台灣中油股份有限公司,817775653,808460696,9314957,110c基金別預算分析表.xls
2021,台灣電力股份有限公司,631362912,626947813,4415099,110c基金別預算分析表.xls
2021,台灣自來水股份有限公司,31681039,32108826,-427787,110c基金別預算分析表.xls
2021,中國輸出入銀行,3330950,2687488,643462,110c基金別預算分析表.xls
2021,臺灣金融控股股份有限公司,332935326,325849564,7085762,110c基金別預算分析表.xls
2021,臺灣土地銀行股份有限公司,59703691,51580007,8123684,110c基金別預算分析表.xls
2021,財政部印刷廠,815768,767042,48726,110c基金別預算分析表.xls
2021,臺灣菸酒股份有限公司,71496701,65861810,5634891,110c基金別預算分析表.xls
2021,中華郵政股份有限公司,272052414,262964868,9087546,110c基金別預算分析表.xls
2021,交通部臺灣鐵路管理局,30166066,33586050,-3419984,110c基金別預算分析表.xls
2021,臺灣港務股份有限公司,21108692,15420603,5688089,110c基金別預算分析表.xls
2021,桃園國際機場股份有限公司,16102004,14975566,1126438,110c基金別預算分析表.xls
2021,中央存款保險股份有限公司,11004992,11004992,0,110c基金別預算分析表.xls
2021,行政院國家發展基金,20068938,2477210,17591728,110c基金別預算分析表.xls
2021,營建建設基金,5273495,10880283,-5606788,110c基金別預算分析表.xls
2021,國軍生產及服務作業基金,39299737,38098321,1201416,110c基金別預算分析表.xls
2021,國軍老舊眷村改建基金,1528138,6117181,-4589043,110c基金別預算分析表.xls
2021,國立大學校院校務基金(48所學校綜計),130658536,134915191,-4256655,110c基金別預算分析表.xls
2021,國立臺灣大學附設醫院作業基金,42740075,39879091,2860984,110c基金別預算分析表.xls
2021,國立成功大學附設醫院作業基金,14099086,13999236,99850,110c基金別預算分析表.xls
2021,國立陽明大學附設醫院作業基金,3160528,3157369,3159,110c基金別預算分析表.xls
2021,教育部所屬機構作業基金,1908208,2491799,-583591,110c基金別預算分析表.xls
2021,國立高級中等學校校務基金,30441252,34378678,-3937426,110c基金別預算分析表.xls
2021,法務部矯正機關作業基金,1086570,1178678,-92108,110c基金別預算分析表.xls
2021,經濟作業基金,10240855,11693777,-1452922,110c基金別預算分析表.xls
2021,水資源作業基金,8919296,10118571,-1199275,110c基金別預算分析表.xls
2021,交通作業基金,63015809,37758260,25257549,110c基金別預算分析表.xls
2021,國軍退除役官兵安置基金,2707032,1781957,925075,110c基金別預算分析表.xls
2021,榮民醫療作業基金,66775381,64457266,2318115,110c基金別預算分析表.xls
2021,科學園區管理局作業基金,18107684,14860910,3246774,110c基金別預算分析表.xls
2021,農業作業基金,448487,553565,-105078,110c基金別預算分析表.xls
2021,農田水利事業作業基金,10406116,15353995,-4947879,110c基金別預算分析表.xls
2021,勞工保險局作業基金,533964580,533964580,0,110c基金別預算分析表.xls
2021,醫療藥品基金,37725770,36444798,1280972,110c基金別預算分析表.xls
2021,管制藥品製藥工廠作業基金,912496,723969,188527,110c基金別預算分析表.xls
2021,全民健康保險基金,737532587,737532587,0,110c基金別預算分析表.xls
2021,國民年金保險基金,114713148,114713148,0,110c基金別預算分析表.xls
2021,國立文化機構作業基金,808556,798301,10255,110c基金別預算分析表.xls
2021,故宮文物藝術發展基金,428151,331771,96380,110c基金別預算分析表.xls
2021,原住民族綜合發展基金,1776109,3096486,-1320377,110c基金別預算分析表.xls
2021,考選業務基金,606080,592861,13219,110c基金別預算分析表.xls
2021,中央政府債務基金,743581976,743578394,3582,110c基金別預算分析表.xls
2021,中央研究院科學研究基金,3726445,3738036,-11591,110c基金別預算分析表.xls
2021,行政院國家科學技術發展基金,37008070,38536070,-1528000,110c基金別預算分析表.xls
2021,離島建設基金,6894,895808,-888914,110c基金別預算分析表.xls
2021,行政院公營事業民營化基金,8990374,8764989,225385,110c基金別預算分析表.xls
2021,花東地區永續發展基金,25588147,2738620,22849527,110c基金別預算分析表.xls
2021,新住民發展基金,500996,364392,136604,110c基金別預算分析表.xls
2021,研發及產業訓儲替代役基金,489397,479586,9811,110c基金別預算分析表.xls
2021,警察消防海巡移民空勤人員及協勤民力安全基金,1947,23457,-21510,110c基金別預算分析表.xls
2021,國土永續發展基金,91549,203647,-112098,110c基金別預算分析表.xls
2021,學產基金,807285,969105,-161820,110c基金別預算分析表.xls
2021,運動發展基金,3863100,6692629,-2829529,110c基金別預算分析表.xls
2021,大專校院轉型及退場基金,2190,69130,-66940,110c基金別預算分析表.xls
2021,毒品防制基金,424621,522099,-97478,110c基金別預算分析表.xls
2021,核能發電後端營運基金,26398256,4342365,22055891,110c基金別預算分析表.xls
2021,航港建設基金,8824131,8177769,646362,110c基金別預算分析表.xls
2021,核子事故緊急應變基金,115701,103921,11780,110c基金別預算分析表.xls
2021,就業安定基金,26722525,31914729,-5192204,110c基金別預算分析表.xls
2021,環境保護基金,9265144,10226282,-961138,110c基金別預算分析表.xls
2021,金融監督管理基金,27318729,26294896,1023833,110c基金別預算分析表.xls
2021,通訊傳播監督管理基金,327951,525862,-197911,110c基金別預算分析表.xls
2021,有線廣播電視事業發展基金,342741,337200,5541,110c基金別預算分析表.xls
2021,反托拉斯基金,48782,49015,-233,110c基金別預算分析表.xls
2021,國軍營舍及設施改建基金,56459100,13291838,43167262,110c基金別預算分析表.xls
2022,中央銀行,293940346,140515282,153425064,111C基金別預算分析表.xls
2022,台灣糖業股份有限公司,33746818,29102078,4644740,111C基金別預算分析表.xls
2022,台灣中油股份有限公司,808762218,800549483,8212735,111C基金別預算分析表.xls
2022,台灣電力股份有限公司,661550163,654704701,6845462,111C基金別預算分析表.xls
2022,台灣自來水股份有限公司,32803495,32966274,-162779,111C基金別預算分析表.xls
2022,中國輸出入銀行,3144000,2447256,696744,111C基金別預算分析表.xls
2022,臺灣金融控股股份有限公司,295163433,287177239,7986194,111C基金別預算分析表.xls
2022,臺灣土地銀行股份有限公司,54741139,46554555,8186584,111C基金別預算分析表.xls
2022,財政部印刷廠,794666,748305,46361,111C基金別預算分析表.xls
2022,臺灣菸酒股份有限公司,68025030,62179478,5845552,111C基金別預算分析表.xls
2022,中華郵政股份有限公司,212909485,204304815,8604670,111C基金別預算分析表.xls
2022,交通部臺灣鐵路管理局,30582826,34171746,-3588920,111C基金別預算分析表.xls
2022,臺灣港務股份有限公司,22097258,16368741,5728517,111C基金別預算分析表.xls
2022,桃園國際機場股份有限公司,8456037,14712040,-6256003,111C基金別預算分析表.xls
2022,中央存款保險股份有限公司,11254381,11254381,0,111C基金別預算分析表.xls
2022,行政院國家發展基金,22707265,3779101,18928164,111C基金別預算分析表.xls
2022,營建建設基金,5341651,11318788,-5977137,111C基金別預算分析表.xls
2022,實施平均地權基金,49546,14947,34599,111C基金別預算分析表.xls
2022,國軍生產及服務作業基金,39100888,37837171,1263717,111C基金別預算分析表.xls
2022,國軍老舊眷村改建基金,1408877,2323054,-914177,111C基金別預算分析表.xls
2022,國立大學校院校務基金(47所學校綜計),131672287,135524028,-3851741,111C基金別預算分析表.xls
2022,國立臺灣大學附設醫院作業基金,47526713,44876277,2650436,111C基金別預算分析表.xls
2022,國立成功大學附設醫院作業基金,14137658,14045953,91705,111C基金別預算分析表.xls
2022,國立陽明交通大學附設醫院作業基金,3296491,3294331,2160,111C基金別預算分析表.xls
2022,教育部所屬機構作業基金,2062577,2628526,-565949,111C基金別預算分析表.xls
2022,國立高級中等學校校務基金,32288473,36340863,-4052390,111C基金別預算分析表.xls
2022,法務部矯正機關作業基金,1247233,1318285,-71052,111C基金別預算分析表.xls
2022,經濟作業基金,9229023,10749829,-1520806,111C基金別預算分析表.xls
2022,水資源作業基金,11887549,10968883,918666,111C基金別預算分析表.xls
2022,交通作業基金,65080683,38411415,26669268,111C基金別預算分析表.xls
2022,國軍退除役官兵安置基金,2746409,1951578,794831,111C基金別預算分析表.xls
2022,榮民醫療作業基金,69103255,66577789,2525466,111C基金別預算分析表.xls
2022,科學園區管理局作業基金,19389258,14638564,4750694,111C基金別預算分析表.xls
2022,農業作業基金,465062,583936,-118874,111C基金別預算分析表.xls
2022,農田水利事業作業基金,8947272,12855820,-3908548,111C基金別預算分析表.xls
2022,勞工保險局作業基金,570248464,570248464,0,111C基金別預算分析表.xls
2022,醫療藥品基金,38373884,37099390,1274494,111C基金別預算分析表.xls
2022,管制藥品製藥工廠作業基金,962470,685049,277421,111C基金別預算分析表.xls
2022,全民健康保險基金,772862451,772862451,0,111C基金別預算分析表.xls
2022,國民年金保險基金,120756212,120756212,0,111C基金別預算分析表.xls
2022,國立文化機構作業基金,793485,806922,-13437,111C基金別預算分析表.xls
2022,故宮文物藝術發展基金,365286,314159,51127,111C基金別預算分析表.xls
2022,原住民族綜合發展基金,1862637,3172101,-1309464,111C基金別預算分析表.xls
2022,考選業務基金,594270,582648,11622,111C基金別預算分析表.xls
2022,中央政府債務基金,760339854,760239419,100435,111C基金別預算分析表.xls
2022,中央研究院科學研究基金,4135471,4171463,-35992,111C基金別預算分析表.xls
2022,行政院國家科學技術發展基金,42398277,42358277,40000,111C基金別預算分析表.xls
2022,離島建設基金,6824,901420,-894596,111C基金別預算分析表.xls
2022,行政院公營事業民營化基金,9143888,8519734,624154,111C基金別預算分析表.xls
2022,花東地區永續發展基金,6000,2446448,-2440448,111C基金別預算分析表.xls
2022,促進轉型正義基金,955000,5000,950000,111C基金別預算分析表.xls
2022,新住民發展基金,501145,371951,129194,111C基金別預算分析表.xls
2022,研發及產業訓儲替代役基金,415664,414081,1583,111C基金別預算分析表.xls
2022,警察消防海巡移民空勤人員及協勤民力安全基金,1952,18019,-16067,111C基金別預算分析表.xls
2022,國土永續發展基金,9481405,294459,9186946,111C基金別預算分析表.xls
2022,學產基金,798385,826375,-27990,111C基金別預算分析表.xls
2022,運動發展基金,4034100,6888925,-2854825,111C基金別預算分析表.xls
2022,大專校院轉型及退場基金,1690,59670,-57980,111C基金別預算分析表.xls
2022,毒品防制基金,424633,611920,-187287,111C基金別預算分析表.xls
2022,核能發電後端營運基金,26270471,4597958,21672513,111C基金別預算分析表.xls
2022,航港建設基金,8958065,8756825,201240,111C基金別預算分析表.xls
2022,核子事故緊急應變基金,115838,103933,11905,111C基金別預算分析表.xls
2022,就業安定基金,27212391,31703353,-4490962,111C基金別預算分析表.xls
2022,環境保護基金,11334251,12629716,-1295465,111C基金別預算分析表.xls
2022,金融監督管理基金,27696850,26560466,1136384,111C基金別預算分析表.xls
2022,通訊傳播監督管理基金,221637,533036,-311399,111C基金別預算分析表.xls
2022,有線廣播電視事業發展基金,308652,303890,4762,111C基金別預算分析表.xls
2022,反托拉斯基金,48081,50739,-2658,111C基金別預算分析表.xls
2022,國軍營舍及設施改建基金,17977516,18807040,-829524,111C基金別預算分析表.xls
2023,中央銀行,354729569,194174463,160555106,112C基金別預算分析表.xlsx
2023,台灣糖業股份有限公司,34630039,29440265,5189774,112C基金別預算分析表.xlsx
2023,台灣中油股份有限公司,1231384991,1231206386,178605,112C基金別預算分析表.xlsx
2023,台灣電力股份有限公司,752732508,1031182018,-278449510,112C基金別預算分析表.xlsx
2023,台灣自來水股份有限公司,33344733,34069388,-724655,112C基金別預算分析表.xlsx
2023,中國輸出入銀行,3168179,2403616,764563,112C基金別預算分析表.xlsx
2023,臺灣金融控股股份有限公司,309942649,300782884,9159765,112C基金別預算分析表.xlsx
2023,臺灣土地銀行股份有限公司,55868848,46904065,8964783,112C基金別預算分析表.xlsx
2023,財政部印刷廠,755660,712962,42698,112C基金別預算分析表.xlsx
2023,臺灣菸酒股份有限公司,68162746,62619710,5543036,112C基金別預算分析表.xlsx
2023,中華郵政股份有限公司,224291683,215356610,8935073,112C基金別預算分析表.xlsx
2023,交通部臺灣鐵路管理局,30644515,35317291,-4672776,112C基金別預算分析表.xlsx
2023,臺灣港務股份有限公司,26195003,17414933,8780070,112C基金別預算分析表.xlsx
2023,桃園國際機場股份有限公司,9927335,15411559,-5484224,112C基金別預算分析表.xlsx
2023,中央存款保險股份有限公司,12185925,12185925,0,112C基金別預算分析表.xlsx
2023,行政院國家發展基金,32617898,5018130,27599768,112C基金別預算分析表.xlsx
2023,營建建設基金,36139556,36877841,-738285,112C基金別預算分析表.xlsx
2023,實施平均地權基金,45023,20018,25005,112C基金別預算分析表.xlsx
2023,國軍生產及服務作業基金,40365734,38953825,1411909,112C基金別預算分析表.xlsx
2023,國軍老舊眷村改建基金,682654,477574,205080,112C基金別預算分析表.xlsx
2023,國立大學校院校務基金(47所學校綜計),135873294,140021998,-4148704,112C基金別預算分析表.xlsx
2023,國立臺灣大學附設醫院作業基金,50202567,47745690,2456877,112C基金別預算分析表.xlsx
2023,國立成功大學附設醫院作業基金,15252568,15142610,109958,112C基金別預算分析表.xlsx
2023,國立陽明交通大學附設醫院作業基金,3502874,3499324,3550,112C基金別預算分析表.xlsx
2023,教育部所屬機構作業基金,2138524,2667476,-528952,112C基金別預算分析表.xlsx
2023,國立高級中等學校校務基金,32771225,36884579,-4113354,112C基金別預算分析表.xlsx
2023,法務部矯正機關作業基金,1177983,1273879,-95896,112C基金別預算分析表.xlsx
2023,經濟作業基金,9865796,9421341,444455,112C基金別預算分析表.xlsx
2023,水資源作業基金,9515988,10675193,-1159205,112C基金別預算分析表.xlsx
2023,交通作業基金,54275602,38169942,16105660,112C基金別預算分析表.xlsx
2023,國軍退除役官兵安置基金,3044184,1956764,1087420,112C基金別預算分析表.xlsx
2023,榮民醫療作業基金,73004337,70655787,2348550,112C基金別預算分析表.xlsx
2023,科學園區管理局作業基金,20772089,16215223,4556866,112C基金別預算分析表.xlsx
2023,農業作業基金,521228,622893,-101665,112C基金別預算分析表.xlsx
2023,農田水利事業作業基金,9338150,12950011,-3611861,112C基金別預算分析表.xlsx
2023,勞工保險局作業基金,594645725,594645725,0,112C基金別預算分析表.xlsx
2023,醫療藥品基金,40610234,39162963,1447271,112C基金別預算分析表.xlsx
2023,管制藥品製藥工廠作業基金,896028,647010,249018,112C基金別預算分析表.xlsx
2023,全民健康保險基金,782172034,782172034,0,112C基金別預算分析表.xlsx
2023,國民年金保險基金,122769730,122769730,0,112C基金別預算分析表.xlsx
2023,國立文化機構作業基金,806344,951982,-145638,112C基金別預算分析表.xlsx
2023,故宮文物藝術發展基金,345845,289484,56361,112C基金別預算分析表.xlsx
2023,原住民族綜合發展基金,1794858,3105277,-1310419,112C基金別預算分析表.xlsx
2023,考選業務基金,636900,572200,64700,112C基金別預算分析表.xlsx
2023,中央政府債務基金,872884715,872884415,300,112C基金別預算分析表.xlsx
2023,中央研究院科學研究基金,4326360,4294502,31858,112C基金別預算分析表.xlsx
2023,行政院國家科學技術發展基金,40769512,40759512,10000,112C基金別預算分析表.xlsx
2023,離島建設基金,849760,902520,-52760,112C基金別預算分析表.xlsx
2023,行政院公營事業民營化基金,9132606,9263376,-130770,112C基金別預算分析表.xlsx
2023,花東地區永續發展基金,6000,2806469,-2800469,112C基金別預算分析表.xlsx
2023,促進轉型正義基金,63829,97269,-33440,112C基金別預算分析表.xlsx
2023,新住民發展基金,401647,420820,-19173,112C基金別預算分析表.xlsx
2023,研發及產業訓儲替代役基金,415264,413283,1981,112C基金別預算分析表.xlsx
2023,警察消防海巡移民空勤人員及協勤民力安全基金,2760,17887,-15127,112C基金別預算分析表.xlsx
2023,國土永續發展基金,10030010,516019,9513991,112C基金別預算分析表.xlsx
2023,學產基金,816760,776229,40531,112C基金別預算分析表.xlsx
2023,運動發展基金,4554778,6821902,-2267124,112C基金別預算分析表.xlsx
2023,私立高級中等以上學校退場基金,22,76415,-76393,112C基金別預算分析表.xlsx
2023,毒品防制基金,567055,711918,-144863,112C基金別預算分析表.xlsx
2023,核能發電後端營運基金,26318907,6695587,19623320,112C基金別預算分析表.xlsx
2023,航港建設基金,9782835,10085235,-302400,112C基金別預算分析表.xlsx
2023,核子事故緊急應變基金,116949,94464,22485,112C基金別預算分析表.xlsx
2023,就業安定基金,27529867,35272655,-7742788,112C基金別預算分析表.xlsx
2023,環境保護基金,11927041,11260315,666726,112C基金別預算分析表.xlsx
2023,文化發展基金,250000,229100,20900,112C基金別預算分析表.xlsx
2023,金融監督管理基金,29219318,28136022,1083296,112C基金別預算分析表.xlsx
2023,通訊傳播監督管理基金,408622,482748,-74126,112C基金別預算分析表.xlsx
2023,有線廣播電視事業發展基金,297167,289533,7634,112C基金別預算分析表.xlsx
2023,反托拉斯基金,48311,76744,-28433,112C基金別預算分析表.xlsx
2023,國軍營舍及設施改建基金,21718272,23353652,-1635380,112C基金別預算分析表.xlsx
2024,中央銀行,412511865,236906403,175605462,C基金別預算分析表.xlsx
2024,台灣糖業股份有限公司,35399878,30449870,4950008,C基金別預算分析表.xlsx
2024,台灣中油股份有限公司,1225455616,1222395736,3059880,C基金別預算分析表.xlsx
2024,台灣電力股份有限公司,818603506,982079754,-163476248,C基金別預算分析表.xlsx
2024,台灣自來水股份有限公司,33427973,35694593,-2266620,C基金別預算分析表.xlsx
2024,中國輸出入銀行,4265404,3419864,845540,C基金別預算分析表.xlsx
2024,臺灣金融控股股份有限公司,323704743,313520719,10184024,C基金別預算分析表.xlsx
2024,臺灣土地銀行股份有限公司,74254684,64523295,9731389,C基金別預算分析表.xlsx
2024,財政部印刷廠,698882,665101,33781,C基金別預算分析表.xlsx
2024,臺灣菸酒股份有限公司,64254546,59443263,4811283,C基金別預算分析表.xlsx
2024,中華郵政股份有限公司,235298949,225773823,9525126,C基金別預算分析表.xlsx
2024,國營臺灣鐵路股份有限公司,34471779,41942047,-7470268,C基金別預算分析表.xlsx
2024,臺灣港務股份有限公司,25365626,17688620,7677006,C基金別預算分析表.xlsx
2024,桃園國際機場股份有限公司,18264485,15649296,2615189,C基金別預算分析表.xlsx
2024,中央存款保險股份有限公司,12903358,12903358,0,C基金別預算分析表.xlsx
2024,行政院國家發展基金,28971530,4970662,24000868,C基金別預算分析表.xlsx
2024,營建建設基金,24996918,40551624,-15554706,C基金別預算分析表.xlsx
2024,實施平均地權基金,46201,11700,34501,C基金別預算分析表.xlsx
2024,國軍生產及服務作業基金,39258495,37967730,1290765,C基金別預算分析表.xlsx
2024,國軍老舊眷村改建基金,654349,560134,94215,C基金別預算分析表.xlsx
2024,國防醫學院軍事教育基金,705892,739167,-33275,C基金別預算分析表.xlsx
2024,國立大學校院校務基金(47所學校綜計),142986860,147553944,-4567084,C基金別預算分析表.xlsx
2024,國立臺灣大學附設醫院作業基金,52784839,50915048,1869791,C基金別預算分析表.xlsx
2024,國立成功大學附設醫院作業基金,16313937,16211100,102837,C基金別預算分析表.xlsx
2024,國立陽明交通大學附設醫院作業基金,3881665,3874726,6939,C基金別預算分析表.xlsx
2024,教育部所屬機構作業基金,2192325,2704701,-512376,C基金別預算分析表.xlsx
2024,國立高級中等學校校務基金,35277826,39424990,-4147164,C基金別預算分析表.xlsx
2024,法務部矯正機關作業基金,1186880,1290290,-103410,C基金別預算分析表.xlsx
2024,經濟作業基金,8327018,7658680,668338,C基金別預算分析表.xlsx
2024,水資源作業基金,9134098,11002796,-1868698,C基金別預算分析表.xlsx
2024,交通作業基金,64298803,44103429,20195374,C基金別預算分析表.xlsx
2024,國軍退除役官兵安置基金,3284402,2015498,1268904,C基金別預算分析表.xlsx
2024,榮民醫療作業基金,79377323,76087943,3289380,C基金別預算分析表.xlsx
2024,科學園區管理局作業基金,23547493,18441652,5105841,C基金別預算分析表.xlsx
2024,農業作業基金,536770,643008,-106238,C基金別預算分析表.xlsx
2024,農田水利事業作業基金,10028404,12503140,-2474736,C基金別預算分析表.xlsx
2024,勞工保險局作業基金,699230514,699230514,0,C基金別預算分析表.xlsx
2024,醫療藥品基金,43612586,42067344,1545242,C基金別預算分析表.xlsx
2024,管制藥品製藥工廠作業基金,921943,665455,256488,C基金別預算分析表.xlsx
2024,全民健康保險基金,817107053,817107053,0,C基金別預算分析表.xlsx
2024,國民年金保險基金,122850973,122850973,0,C基金別預算分析表.xlsx
2024,國立文化機構作業基金,842078,964160,-122082,C基金別預算分析表.xlsx
2024,故宮文物藝術發展基金,377063,336775,40288,C基金別預算分析表.xlsx
2024,原住民族綜合發展基金,2850242,3091874,-241632,C基金別預算分析表.xlsx
2024,考選業務基金,627993,578665,49328,C基金別預算分析表.xlsx
2024,中央政府債務基金,892966201,892965251,950,C基金別預算分析表.xlsx
2024,中央研究院科學研究基金,4183617,4153457,30160,C基金別預算分析表.xlsx
2024,行政院國家科學技術發展基金,44487928,47487928,-3000000,C基金別預算分析表.xlsx
2024,離島建設基金,867322,900599,-33277,C基金別預算分析表.xlsx
2024,花東地區永續發展基金,6000,2706291,-2700291,C基金別預算分析表.xlsx
2024,促進轉型正義基金,69181,78748,-9567,C基金別預算分析表.xlsx
2024,新住民發展基金,403300,423886,-20586,C基金別預算分析表.xlsx
2024,研發及產業訓儲替代役基金,419455,433600,-14145,C基金別預算分析表.xlsx
2024,警察消防海巡移民空勤人員及協勤民力安全基金,4564,15313,-10749,C基金別預算分析表.xlsx
2024,國土永續發展基金,10147472,669474,9477998,C基金別預算分析表.xlsx
2024,學產基金,859832,745103,114729,C基金別預算分析表.xlsx
2024,運動發展基金,5922627,7031509,-1108882,C基金別預算分析表.xlsx
2024,私立高級中等以上學校退場基金,192218,101347,90871,C基金別預算分析表.xlsx
2024,毒品防制基金,662291,678556,-16265,C基金別預算分析表.xlsx
2024,核能發電後端營運基金,26771732,6434317,20337415,C基金別預算分析表.xlsx
2024,航港建設基金,9705589,9686945,18644,C基金別預算分析表.xlsx
2024,核子事故緊急應變基金,120592,101289,19303,C基金別預算分析表.xlsx
2024,就業安定基金,28487410,28166533,320877,C基金別預算分析表.xlsx
2024,環境保護基金,9791309,9535578,255731,C基金別預算分析表.xlsx
2024,文化發展基金,80731,54053,26678,C基金別預算分析表.xlsx
2024,金融監督管理基金,30405178,29247092,1158086,C基金別預算分析表.xlsx
2024,通訊傳播監督管理基金,439156,508059,-68903,C基金別預算分析表.xlsx
2024,有線廣播電視事業發展基金,286840,281641,5199,C基金別預算分析表.xlsx
2024,反托拉斯基金,53973,85005,-31032,C基金別預算分析表.xlsx
2024,國軍營舍及設施改建基金,18022524,32620920,-14598396,C基金別預算分析表.xlsx
2025,中央銀行,426177796,250857794,175320002,C基金別預算分析表.xlsx
2025,台灣糖業股份有限公司,36442834,30797059,5645775,C基金別預算分析表.xlsx
2025,台灣中油股份有限公司,1212114854,1205765162,6349692,C基金別預算分析表.xlsx
2025,台灣電力股份有限公司,1004785293,997048560,7736733,C基金別預算分析表.xlsx
2025,台灣自來水股份有限公司,32895647,38829192,-5933545,C基金別預算分析表.xlsx
2025,中國輸出入銀行,5874181,4764698,1109483,C基金別預算分析表.xlsx
2025,臺灣金融控股股份有限公司,344705058,333218588,11486470,C基金別預算分析表.xlsx
2025,臺灣土地銀行股份有限公司,79893199,69379438,10513761,C基金別預算分析表.xlsx
2025,財政部印刷廠,692310,670247,22063,C基金別預算分析表.xlsx
2025,臺灣菸酒股份有限公司,60316244,55539696,4776548,C基金別預算分析表.xlsx
2025,中華郵政股份有限公司,247474110,243952029,3522081,C基金別預算分析表.xlsx
2025,國營臺灣鐵路股份有限公司,36185646,44875346,-8689700,C基金別預算分析表.xlsx
2025,臺灣港務股份有限公司,25439111,18088347,7350764,C基金別預算分析表.xlsx
2025,桃園國際機場股份有限公司,24214847,18198273,6016574,C基金別預算分析表.xlsx
2025,中央存款保險股份有限公司,13568858,13568858,0,C基金別預算分析表.xlsx
2025,行政院國家發展基金,30467280,5879282,24587998,C基金別預算分析表.xlsx
2025,營建建設基金,70931725,67812012,3119713,C基金別預算分析表.xlsx
2025,實施平均地權基金,49122,13988,35134,C基金別預算分析表.xlsx
2025,國軍生產及服務作業基金,41390263,40002249,1388014,C基金別預算分析表.xlsx
2025,國軍老舊眷村改建基金,639722,467494,172228,C基金別預算分析表.xlsx
2025,國防醫學院軍事教育基金,782944,863189,-80245,C基金別預算分析表.xlsx
2025,國立大學校院校務基金(47所學校綜計),151349826,155354288,-4004462,C基金別預算分析表.xlsx
2025,國立臺灣大學附設醫院作業基金,57736124,56315437,1420687,C基金別預算分析表.xlsx
2025,國立成功大學附設醫院作業基金,16947050,16831828,115222,C基金別預算分析表.xlsx
2025,國立陽明交通大學附設醫院作業基金,4121207,4073136,48071,C基金別預算分析表.xlsx
2025,教育部所屬機構作業基金,2331768,2836163,-504395,C基金別預算分析表.xlsx
2025,國立高級中等學校校務基金,36883527,40894014,-4010487,C基金別預算分析表.xlsx
2025,法務部矯正機關作業基金,1152581,1261544,-108963,C基金別預算分析表.xlsx
2025,經濟作業基金,8700663,7645331,1055332,C基金別預算分析表.xlsx
2025,水資源作業基金,9593541,11431959,-1838418,C基金別預算分析表.xlsx
2025,交通作業基金,75903637,46035376,29868261,C基金別預算分析表.xlsx
2025,國軍退除役官兵安置基金,2942162,2087720,854442,C基金別預算分析表.xlsx
2025,榮民醫療作業基金,84791989,81549011,3242978,C基金別預算分析表.xlsx
2025,科學園區管理局作業基金,24621538,19758123,4863415,C基金別預算分析表.xlsx
2025,農業作業基金,550432,666049,-115617,C基金別預算分析表.xlsx
2025,農田水利事業作業基金,10829915,12866120,-2036205,C基金別預算分析表.xlsx
2025,勞工保險局作業基金,743573822,743573822,0,C基金別預算分析表.xlsx
2025,醫療藥品基金,47168146,45243740,1924406,C基金別預算分析表.xlsx
2025,管制藥品製藥工廠作業基金,972858,722739,250119,C基金別預算分析表.xlsx
2025,全民健康保險基金,871105876,871105876,0,C基金別預算分析表.xlsx
2025,國民年金保險基金,131774545,131774545,0,C基金別預算分析表.xlsx
2025,國立文化機構作業基金,945204,1080856,-135652,C基金別預算分析表.xlsx
2025,故宮文物藝術發展基金,457629,410999,46630,C基金別預算分析表.xlsx
2025,原住民族綜合發展基金,3625683,3846694,-221011,C基金別預算分析表.xlsx
2025,考選業務基金,600678,589563,11115,C基金別預算分析表.xlsx
2025,中央政府債務基金,912967265,912965251,2014,C基金別預算分析表.xlsx
2025,中央研究院科學研究基金,4325753,4324913,840,C基金別預算分析表.xlsx
2025,行政院國家科學技術發展基金,49513880,49513880,0,C基金別預算分析表.xlsx
2025,離島建設基金,901469,903599,-2130,C基金別預算分析表.xlsx
2025,花東地區永續發展基金,6000,2881444,-2875444,C基金別預算分析表.xlsx
2025,促進轉型正義基金,70380,153675,-83295,C基金別預算分析表.xlsx
2025,新住民發展基金,404210,390387,13823,C基金別預算分析表.xlsx
2025,研發及產業訓儲替代役基金,316162,365415,-49253,C基金別預算分析表.xlsx
2025,警察消防海巡移民空勤人員及協勤民力安全基金,5275,14290,-9015,C基金別預算分析表.xlsx
2025,國土永續發展基金,10151974,921995,9229979,C基金別預算分析表.xlsx
2025,學產基金,884472,783165,101307,C基金別預算分析表.xlsx
2025,運動發展基金,6925000,8375793,-1450793,C基金別預算分析表.xlsx
2025,私立高級中等以上學校退場基金,350000,61367,288633,C基金別預算分析表.xlsx
2025,毒品防制基金,662243,683806,-21563,C基金別預算分析表.xlsx
2025,核能發電後端營運基金,42381857,7990649,34391208,C基金別預算分析表.xlsx
2025,航港建設基金,9587730,10811289,-1223559,C基金別預算分析表.xlsx
2025,核子事故緊急應變基金,121922,98577,23345,C基金別預算分析表.xlsx
2025,就業安定基金,29801820,27336826,2464994,C基金別預算分析表.xlsx
2025,環境保護基金,9261985,8394372,867613,C基金別預算分析表.xlsx
2025,文化發展基金,305619,151692,153927,C基金別預算分析表.xlsx
2025,金融監督管理基金,3969219,2890538,1078681,C基金別預算分析表.xlsx
2025,海洋污染防治基金,340880,240590,100290,C基金別預算分析表.xlsx
2025,通訊傳播監督管理基金,444004,510993,-66989,C基金別預算分析表.xlsx
2025,有線廣播電視事業發展基金,275824,273637,2187,C基金別預算分析表.xlsx
2025,反托拉斯基金,54700,68023,-13323,C基金別預算分析表.xlsx
2025,國軍營舍及設施改建基金,14747355,39301263,-24553908,C基金別預算分析表.xlsx
